sentence,relation,head,head_offset,tail,tail_offset
阿桔曾是火箭队三干部之一，曾是浅红市道馆馆主。 阿桔曾经前往双子岛捕捉急冻鸟，并在几番波折之后成功。 苏芳岛决战之后被希巴所救。 和小茂有很深的羁绊。 假面男被打败之后，阿桔和曾经都是邪恶组织成员的希巴、一树以及梨花结为同盟。后来他们以城都新四天王的身份在心金·魂银篇登场。,伙伴,阿桔,85,希巴,99
娜姿和马志士、阿桔一同出现在苏芳岛，并与夏伯、小茂、小蓝、小黄和正辉合作打倒四天王。由于对方有四个人，而且他们都不确定对方会否中途离开，所以娜姿就用胡地的超能力“命运的汤匙”把8人分成4组，每组负责打倒一个四天王。娜姿和小蓝被选为同组，对上了科拿，左手被科拿的冰手铐冻伤。,挑战,小蓝,110,科拿,121
当空木博士拜托他去住在吉花市北边的宝可梦爷爷那里跑一趟时，阿响的旅程开始了。考虑到他可能会在路上遇到危险的野生宝可梦，空木博士还送给了他一只最初的伙伴来防身。临走时，阿响看到一个和他同岁的奇怪男孩正在空木博士研究所外偷窥。当他想要跟他说话时，男孩粗鲁地推开了他。在宝可梦爷爷的家里他还遇到了大木博士。大木博士看出阿响与宝可梦之间的牵绊，交给了他宝可梦图鉴。在回家的路上，阿响遇到了偷走空木博士的宝可梦的小银。在战斗中击败他后，阿响得知了他的名字并告诉若叶镇的警察。空木博士鼓励他去挑战石英高原。,伙伴,阿响,213,空木博士,232
在VS超甲狂犀中，阿速和阿笔以及阿四收到松叶的委托，守在缘朱道馆门口，阻止要借用千里眼的可疑人物进入道馆。小银来道馆时遇到了阿速等人，阿速和阿笔的宝可梦都被小银的玛狃拉轻松击败，接着阿四派出战舞郎应战小银的超甲狂犀，对战中，阿速发现战舞郎似乎和超甲狂犀认识，在小银解释后，阿速等人觉得是小茂认可的人没有问题，就让他进去找松叶。,伙伴,阿速,9,阿四,16
青绿跟赤红在帕希欧竞技场观众席观看小结、艾莉丝和阿驯的队伍对战风露、大叶和阿塞萝拉的队伍。,伙伴,风露,31,阿塞萝拉,37
除此之外，还有以莉佳为主题的套牌。日文版有玉虹市道馆 莉佳。英文版有道馆英雄中的莉佳主题套牌。,位于,莉佳,27,玉虹市,21
火箭队也看上了无畏小子，打算拉他入伙，不料却被其打飞。之后小智与信彦前往无畏小子常来的地方，信彦与无畏小子进行了对战，结果信彦的快拳郎和飞腿郎都被它击败。信彦被打败后，火箭队绑走了无畏小子。但是信彦徒步追上了火箭队的气球并徒手打破了气球，气球撞击山体导致巨石崩塌，他为了让无畏小子再次相信人类，使出全力帮它挡住巨石。在打败了火箭队后，信彦亲自上场与无畏小子进行格斗，大胜无畏小子。最后，信彦收复了无畏小子，并把自己手臂上的红色围巾给无畏小子戴上，换下了原本破烂的蓝色围巾。同时他也收复了猴怪和火暴猴。,伙伴,小智,29,信彦,32
富士老人首次出现于VS可达鸭，他当时正在祭拜他死去的嘟嘟。他邀请小智去家里喝茶，并对小智讲述了有关宝可梦塔与“幽灵”的情况。小智发现了富士老人与小茂的合照，得知小茂已经失踪在宝可梦塔中两个星期了。后来小智和小茂通过与火箭队的战斗破解了紫苑镇的幽灵谣言，富士老人的嘟嘟也终于得到了安息之所。,拥有,富士老人,0,嘟嘟,26
火箭队也看上了无畏小子，打算拉他入伙，不料却被其打飞。之后小智与信彦前往无畏小子常来的地方，信彦与无畏小子进行了对战，结果信彦的快拳郎和飞腿郎都被它击败。信彦被打败后，火箭队绑走了无畏小子。但是信彦徒步追上了火箭队的气球并徒手打破了气球，气球撞击山体导致巨石崩塌，他为了让无畏小子再次相信人类，使出全力帮它挡住巨石。在打败了火箭队后，信彦亲自上场与无畏小子进行格斗，大胜无畏小子。最后，信彦收复了无畏小子，并把自己手臂上的红色围巾给无畏小子戴上，换下了原本破烂的蓝色围巾。同时他也收复了猴怪和火暴猴。,拥有,信彦,61,飞腿郎,68
在离家出走的玛奥与智挥猩！中，她和乔伊小姐到艾纳餐馆就餐，并在之后一起去了智挥猩的森林小酒馆喝酒。,位于,乔伊小姐,17,智挥猩的森林小酒馆,37
小霞跟黑连和可尔妮组成队伍，他们跟阿渡、大吾、竹兰的队伍进行对战。,伙伴,大吾,20,竹兰,23
赤红没有在正式游戏中登场，但在一个宣传影片中，赤红与叶子进行双打对战，使用吼鲸王和代欧奇希斯（攻击形态），但不敌。,拥有,赤红,23,吼鲸王,37
如果选择琴音为主角，在一开始妈妈会提到阿响刚才还来玩了，出门便能与他和他的玛力露相遇。,伙伴,琴音,4,阿响,19
希巴挑战小智，并与其势均力敌，击败了小智的蚊香泳士同时令皮卡丘和暴鲤龙负伤。其后，希巴的同伴菊子和科拿现身，并自称他们为关都四天王和说出他们的目的是要把人类消灭，而只留下宝可梦和优秀的精英训练员，之后更邀请小智加入他们，但小智拒绝了而被科拿冰封了起来。 之后命令飞腿郎攻击正辉家里的宝可梦寄放系统（后期证实是被菊子操控了心智），并与小蓝的小龟对峙。 旗下的腕力军团被指派到深灰市偷取深灰道馆馆主小刚所持有的徽章。 在苏芳岛决战中在野生大岩蛇上迎战马志士和正辉（原本应是小智）的组合，并一度占尽上风。在小智现身后，进一步解放怪力的力量与小智对决，落败后转身离开，途中救了差点掉进毒潭的阿桔，之后退出了关,伙伴,希巴,41,科拿,49
在雷公 雷的传说的片头中，小银用尼多王打败刚出道的健太和他的火球鼠。后来，健太和火球鼠不断特训，不断向他挑战。最终，火球鼠进化成了火暴兽，成功击败了尼多王。,拥有,健太,25,火球鼠,30
青绿跟赤红在帕希欧竞技场观众席观看小结、艾莉丝和阿驯的队伍对战风露、大叶和阿塞萝拉的队伍。,伙伴,小结,17,艾莉丝,20
娜姿在坂木中与赤红进行了道馆战，被击败后送出了金色徽章。,挑战,赤红,7,娜姿,0
在愤怒之湖中，阿响和阿渡潜入火箭队基地，探究导致红色暴鲤龙出现的奇怪电波。他和阿渡通过宝可齿轮来联络。,位于,阿响,7,愤怒之湖,1
青绿的剧情与《金／银／水晶版》大致相同。不同的是，获得关都地区的其他7个徽章后，青绿才会回到道馆中。在道馆中战胜他可以获得绿色徽章和招式学习器９２（戏法空间）。额外的，从奈奈美处获得青绿的宝可齿轮号码后，在星期日晚上给他打电话就可以约他在格斗道场中再战。打败赤红后，星期五可以在红莲镇与青绿合影。,位于,青绿,143,红莲镇,139
在VS猫头夜鹰中，阿速先是在观众席上去观看了小茜和小霞的比赛，紧接着就轮到他上场了，阿速派出了猫头夜鹰迎战阿杏的臭臭泥。对战中，阿杏的臭臭泥缩小这一点让阿速很是惊讶，接着阿速由臭臭泥使出的臭泥炸弹判断出阿杏的专长是毒属性。阿速深知如果再被臭臭泥击中，就会输掉比赛，但是他又找不到缩小的臭臭泥的位置，于是阿速决定让猫头夜鹰使用识破找到了臭臭泥，见情形不妙的阿杏收回了臭臭泥，换上了阿利多斯，阿速命令猫头夜鹰抓起了阿利多斯展开空中决斗，但阿利多斯脱离了猫头夜鹰回到地面，还在猫头夜鹰面前织网，趁着阿速分析阿利多斯行为并且阿杏在解释阿利多斯的蛛丝时，阿利多斯再次发动攻击用锐利的攻击丝击败了猫头夜鹰。阿速派,拥有,阿速,151,猫头夜鹰,156
当主角初次进入对战树的时候，会遇见和青绿在一起的赤红，主角需要在赤红和青绿之间选择一位进行对战。,伙伴,青绿,18,赤红,24
赤红就此展开旅程，不断挑战道馆馆主获得徽章。在旅程中，赤红还会遇到以盗取他人宝可梦为目的的邪恶组织火箭队。在月见山，赤红会遇到以偷取化石为目的火箭队手下。打败他们后来到华蓝市，可以从警察那里得知出现了小偷把居民的家打了一个大洞，赤红调查后发现这也是火箭队做下的勾当。途径海角小屋的赤红会遇到不小心把自己变成宝可梦的正辉，在帮他恢复原样后，正辉会赠送赤红船票表示感谢。接到船票的赤红可以从枯叶港登上圣特安努号。,敌对,赤红,114,火箭队,124
富士老人得知火箭队在宝可梦塔杀害了嘎啦嘎啦后，他冲进宝可梦塔怒斥他们伤害宝可梦的行为，却被火箭队挟持为人质。后来主角赶走了这些入侵者，富士老人才得救。为了感谢主角，他送出了宝可梦之笛。嘎啦嘎啦的孩子卡拉卡拉也被他收留了。,拥有,富士老人,67,卡拉卡拉,99
在VS火暴猴中，小刚在夏伯的协助下进入月见山深处寻找小智的线索。,位于,小智,26,月见山,19
在大奶罐，复仇之战中，小智等人一整天都帮忙照顾牧场的大奶罐。在打败来牧场行窃的火箭队的桶状的机器人之后，小智灵光一闪想到了打败小茜的大奶罐的对策，于是再次向小茜提出对战请求，他先后使用小锯鳄和火球鼠降低大奶罐的速度，最终用皮卡丘成功击败了大奶罐。虽然这场对战是在道馆外进行的，但小茜依然承认了自己的败北，赠与小智标准徽章。,拥有,小智,52,小锯鳄,92
阿桔曾是火箭队三干部之一，曾是浅红市道馆馆主。 阿桔曾经前往双子岛捕捉急冻鸟，并在几番波折之后成功。 苏芳岛决战之后被希巴所救。 和小茂有很深的羁绊。 假面男被打败之后，阿桔和曾经都是邪恶组织成员的希巴、一树以及梨花结为同盟。后来他们以城都新四天王的身份在心金·魂银篇登场。,伙伴,阿桔,24,小茂,66
在消失的宝可梦之谜，君莎告诉小智一行人金柑岛内的宝可梦行为变得异常，会攻击自己的主人。但自己的鬼斯没有任何变化，她怀疑是超能力属性宝可梦在作乱。在四人一起发现了在道路上的火箭队后，火箭队原不肯和君莎合作，但为了让自己的宝可梦恢复原状，他们告诉君莎这是亚马多和小三郎的阴谋。火箭队把君莎和小智等人混入装有精灵球的推车内进入电波发射塔来破坏他们的恶行，君莎派出了鬼斯抵挡对方的攻击，在催眠装置破坏之后，鬼斯又与催眠貘进行了战斗，但由于在对战中催眠貘和波克比一起使用了挥指引发了自爆，最终亚马多和小三郎被君莎抓捕归案。,拥有,君莎,174,鬼斯,179
除此之外，还有以夏伯为主题的套牌。日文版有红莲镇道馆 夏伯。英文版有道馆挑战中的夏伯主题套牌。,位于,夏伯,27,红莲镇,21
在VS灯笼鱼中，小刚和莉佳以及小霞因为接到宝可梦协会的紧急召集穿过都城瀑布前往城都地区，小刚对都城瀑布的雄伟壮观发出赞叹。而他们经过一座吊桥时，小刚发现桥有些断裂，因为从地图上看没有可以绕路的选择，他只好派出大岩蛇来帮忙填充吊桥断裂的部分，小刚在中途提议改乘阿哥号，而离家表示最近阴晴不定阿哥号很可能赶不上。小刚奉劝小霞不要分心并伸出手拉小霞一把，可这是冲出了许许多多的大嘴蝠和超音蝠导致小霞不慎从桥上掉了下去后被冲入瀑布内失去了知觉。小刚和莉佳也是勉强抓住大岩蛇才没有掉下去。之后，小刚和小霞隔着瀑布呼喊小霞的名字，但没有等到回应，这时小刚也受到了来自宝可梦协会的消息，将会举办关都和城都的道馆馆主,伙伴,小刚,218,莉佳,221
小茜在满金道馆，力量与速度中首次登场，她在小智的皮卡丘和她的皮皮相撞后，跑到了皮卡丘身边，亲吻了皮卡丘的额头，让皮卡丘很是开心。 随后，她带着小智一行人穿过满金地道，来到了满金百货商场。 然而，他们却跌跌撞撞地走了很多不想去的地方。 最后，他们来到一家餐厅，吃了汉堡。之后，他们遇到了火箭队，火箭队抢走了她的皮皮，坐上了磁浮列车，但被他们成功拦住了，火箭队随即空手而去，空手而归。在得知小茜就是满金道馆馆主后，小智向她提出道馆挑战的请求，尽管今天是她的休息日，但她还是答应了挑战，并专门为他开放了道馆。在比赛中，小智成功用他的火球鼠打败了她派出的第一只宝可梦尼多丽娜。接着她派出皮皮，却因挥指使出了毫,拥有,小茜,193,尼多丽娜,279
在紫苑镇宝可梦塔保护了富士老人后，赤红来到火箭游戏城，捣毁了地下的火箭队基地。之后来到金黄市，发现火箭队遍布整个城市，赤红闯进西尔佛公司成功救下董事长并打败了火箭队老大坂木。原来常青道馆的道馆馆主就是坂木，在道馆中他再次输给了赤红，之后消失了。集齐8枚徽章的赤红来到了石英高原，打败了四天王后得知已经有人先赢一步了，那就是青绿。在赤红打败身为冠军的青绿后，大木博士会带领赤红登入名人堂。,敌对,赤红,113,坂木,100
大木博士曾经就读于玉虹大学理工科，毕业后继续在该大学读生物学硕士，现在是该大学携带兽学教授。大木博士以前是一位出色的训练家，四天王之一菊子和他曾经好友。但后来，他隐退了，开始研究起了宝可梦，菊子认为他变软弱了，因此疏远了他。钢铁家的照片显示他、大木博士、菊子都是好友。,伙伴,大木博士,46,菊子,67
自此阿响开始了他在城都地区的旅程，对抗道馆馆主收集徽章。在烧焦塔，他有幸目睹了凤王卫队的复活。后来他又前去湛蓝市秘传药店取来秘传之药，治好光辉灯塔的电龙光儿。在愤怒之湖，他遇见了奇怪的红色暴鲤龙，之后便与神秘训练家阿渡一起调查卡吉镇的火箭队基地。后来他又击溃了占领满金电台的火箭队残党，粉碎了他们企图复活的阴谋。集齐8枚徽章后，阿响来到了石英高原挑战宝可梦联盟。,伙伴,阿渡,107,阿响,2
在VS赫拉克罗斯中，阿笔和他的同伴们继续在调查遗迹，并且他们开始设法捕捉各种各样的未知图腾。而这时，遗迹回廊上窜过一道白光，阿笔骑上自己的赫拉克罗斯前去查看，却发现了用未知图腾拼写的“离洞”的图案，立刻想到了离洞绳。他使用离洞绳离开遗迹后立刻遇到了水君。他猜测出水君和之前在遗迹攻击他的火箭队没关系，并认为水君是在测试他的能力，他立刻派出赫拉克罗斯应战，赫拉克罗斯被撞到了天顶上，但乘空档，阿笔让铁壳蛹和盾甲蛹配合自己的捕虫网成功将水君网住，眼看就要捕获，水君使用极光束破网而逃。而阿笔此时发现在和水君对战时，一面藏在墙后的房间也被发现了，里面写着用未知图腾拼写的“凤王”的图案，第二天，阿笔立刻在阿,拥有,阿笔,195,盾甲蛹,202
了在这之前出现帮助过他们的刺球仙人掌。后来，小次郎又在茵郁市的羽翼嘉年华会！的庙会时提到自己小时候很想要风铃铃，而在那集的庙会里他真的遇到了一只风铃铃，后来这只风铃铃也成为了他的同伴。这两只宝可梦都和小次郎非常亲近，刺球仙人掌甚至经常在放出来时抱住小次郎把小次郎弄得很疼。,友好,刺球仙人掌,108,风铃铃,80
武藏在跟着小智一行人到丰缘时得知那里有华丽大赛，从那时候她开始成为宝可梦协调训练家，并获得了丰缘华丽大赛参赛证。在丰缘地区的华丽大赛中，武藏有些时候会作弊，只要输掉比赛，她就会脱掉伪装并大闹华丽大赛会场。她以武藏碧安（日文︰ムサぴょん，英文︰Jessebella）的身份来参加华丽大赛，而在小遥对抗武藏！最后的华丽大赛!!小次郎和喵喵与小智一行人对话中这个伪装已经被小智一行人识破了。在哈利与火箭队！反派角色同盟成立!?中武藏和哈利合作准备打败小遥，但是最终因为武藏和哈利借给她的宝可梦配合不佳落败。在火箭队解散!?各自的道路！，火箭队三人组因为抓不到皮卡丘而发生分歧，打算分道扬镳，这时武藏遇到了对,敌对,哈利,214,小遥,222
在谢谢你索尔迦雷欧！我们的小星云!!中，她参加了库库伊博士和芭内特博士的婚礼。,亲戚,库库伊博士,24,芭内特博士,30
有几位乔伊小姐样貌与其他的十分不同。宝可梦道馆的决斗中，一位乔伊小姐担任宝可梦监察官的职务，被派来检测道馆馆主的实力。另一位居住在橘子群岛的乔伊小姐则将自己的职业变为考古学家，并在化石盔的化石秘密中带领了一次富拉四号岛上的探险。在航海的乔伊，破浪前进吧中，出现了一位同样居住在橘子群岛的肌肉发达、乘坐皮划艇的乔伊小姐和她的巨大鲤鱼王。其他居住在岛上的乔伊小姐与她们在大陆上的同事们相比，有着更加暗色的皮肤，由于她们居住在更偏热带的地区。,出没,化石盔,90,富拉四号岛,104
当空木博士拜托他去住在吉花市北边的宝可梦爷爷那里跑一趟时，阿响的旅程开始了。考虑到他可能会在路上遇到危险的野生宝可梦，空木博士还送给了他一只最初的伙伴来防身。临走时，阿响看到一个和他同岁的奇怪男孩正在空木博士研究所外偷窥。当他想要跟他说话时，男孩粗鲁地推开了他。在宝可梦爷爷的家里他还遇到了大木博士。大木博士看出阿响与宝可梦之间的牵绊，交给了他宝可梦图鉴。在回家的路上，阿响遇到了偷走空木博士的宝可梦的小银。在战斗中击败他后，阿响得知了他的名字并告诉若叶镇的警察。空木博士鼓励他去挑战石英高原。,来自,宝可梦爷爷,17,吉花市,11
青绿跟赤红在帕希欧竞技场观众席观看小结、艾莉丝和阿驯的队伍对战风露、大叶和阿塞萝拉的队伍。,伙伴,大叶,34,阿塞萝拉,37
正辉在２５号道路的海角小屋中进行宝可梦电子传输实验，却不小心将自己和尼多力诺合体了。主角操纵电脑帮助正辉恢复原状后，他会向主角提起宝可梦寄放系统，之后电脑菜单中“某人的电脑”就会变成“正辉的电脑”。他还会送给主角船票，这样主角就能登上圣特安努号了，他表示他不喜欢船上的富豪们。之后调查正辉的电脑能看到他最爱的宝可梦：伊布和它的三种进化形。,拥有,正辉,0,尼多力诺,34
赤红跟青绿在帕希欧竞技场观众席观看小结、艾莉丝和阿驯的队伍对战风露、大叶和阿塞萝拉的队伍。,伙伴,小结,17,艾莉丝,20
在VS猫头夜鹰中，阿速先是在观众席上去观看了小茜和小霞的比赛，紧接着就轮到他上场了，阿速派出了猫头夜鹰迎战阿杏的臭臭泥。对战中，阿杏的臭臭泥缩小这一点让阿速很是惊讶，接着阿速由臭臭泥使出的臭泥炸弹判断出阿杏的专长是毒属性。阿速深知如果再被臭臭泥击中，就会输掉比赛，但是他又找不到缩小的臭臭泥的位置，于是阿速决定让猫头夜鹰使用识破找到了臭臭泥，见情形不妙的阿杏收回了臭臭泥，换上了阿利多斯，阿速命令猫头夜鹰抓起了阿利多斯展开空中决斗，但阿利多斯脱离了猫头夜鹰回到地面，还在猫头夜鹰面前织网，趁着阿速分析阿利多斯行为并且阿杏在解释阿利多斯的蛛丝时，阿利多斯再次发动攻击用锐利的攻击丝击败了猫头夜鹰。阿速派,拥有,阿杏,53,臭臭泥,56
在VS猫头夜鹰中，阿速先是在观众席上去观看了小茜和小霞的比赛，紧接着就轮到他上场了，阿速派出了猫头夜鹰迎战阿杏的臭臭泥。对战中，阿杏的臭臭泥缩小这一点让阿速很是惊讶，接着阿速由臭臭泥使出的臭泥炸弹判断出阿杏的专长是毒属性。阿速深知如果再被臭臭泥击中，就会输掉比赛，但是他又找不到缩小的臭臭泥的位置，于是阿速决定让猫头夜鹰使用识破找到了臭臭泥，见情形不妙的阿杏收回了臭臭泥，换上了阿利多斯，阿速命令猫头夜鹰抓起了阿利多斯展开空中决斗，但阿利多斯脱离了猫头夜鹰回到地面，还在猫头夜鹰面前织网，趁着阿速分析阿利多斯行为并且阿杏在解释阿利多斯的蛛丝时，阿利多斯再次发动攻击用锐利的攻击丝击败了猫头夜鹰。阿速派,拥有,阿杏,177,臭臭泥,182
《Ｘ／Ｙ》中的这位妈妈是卡鲁穆或是莎莉娜的母亲，名叫萨琪（日文︰サキ，英文︰Grace）。,亲戚,萨琪,26,卡鲁穆,12
在VS赫拉克罗斯中，阿笔和他的同伴们继续在调查遗迹，并且他们开始设法捕捉各种各样的未知图腾。而这时，遗迹回廊上窜过一道白光，阿笔骑上自己的赫拉克罗斯前去查看，却发现了用未知图腾拼写的“离洞”的图案，立刻想到了离洞绳。他使用离洞绳离开遗迹后立刻遇到了水君。他猜测出水君和之前在遗迹攻击他的火箭队没关系，并认为水君是在测试他的能力，他立刻派出赫拉克罗斯应战，赫拉克罗斯被撞到了天顶上，但乘空档，阿笔让铁壳蛹和盾甲蛹配合自己的捕虫网成功将水君网住，眼看就要捕获，水君使用极光束破网而逃。而阿笔此时发现在和水君对战时，一面藏在墙后的房间也被发现了，里面写着用未知图腾拼写的“凤王”的图案，第二天，阿笔立刻在阿,拥有,阿笔,62,赫拉克罗斯,69
在谜拟Ｑ的画皮！中，火箭队三人组再次捕捉皮卡丘失败，他们被卡奇和爆焰龟兽的超强极限爆焰弹击飞，而武藏和谜拟Ｑ一同掉落到购物广场。武藏发现谜拟Ｑ的画皮破了，她强压惊惧想将谜拟Ｑ收回球中，但对方却不愿意。为了让谜拟Ｑ进入精灵球，武藏决定和谜拟Ｑ一起享用马拉萨达，然而她刚把买好的马拉萨达从纸袋中拿出，空中就杀出三只黑暗鸦将马拉萨达抢走了。武藏在吓跑了黑暗鸦后注意到了自己手中的空纸袋，于是她心生一计，暂时把这个空纸袋当作谜拟Ｑ的画皮使用。武藏带着谜拟Ｑ来到时装店，她不断给谜拟Ｑ变换造型，却让谜拟Ｑ越发生气。武藏不理解谜拟Ｑ生气的原因，但她在意识到谜拟Ｑ很重视皮卡丘样子的画皮后，便帮助谜拟Ｑ修补好了画皮,友好,爆焰龟兽,32,卡奇,29
接着，在VS镰刀盔中小刚与阿蜜正式对决。小刚直接派出了镰刀盔，阿蜜把所有宝可梦放出后从中挑选状态最好的。对战开始，阿蜜先是派出了电龙光儿对抗小刚的镰刀盔，一开始相持不下的状况被镰刀盔的原始之力打破局面，电龙受了重伤但还是勉强撑了下来。这时阿蜜问小刚是不是在猜自己是什么属性的专家，然后主动告诉小刚自己曾和小刚一样是岩石属性的专家，派出了披上了一层岩石皮装作大岩蛇的大钢蛇。小刚表示阿蜜终于打开了自己的第六个精灵球，并且对阿蜜的大钢蛇赶到惊讶认为这是异种的大岩蛇。在对战中，大钢蛇身上的岩石皮受到大岩蛇的绑紧攻击而裂了开来，观众皆为震惊。顺势，阿蜜用大钢蛇击败了吃惊的小刚，之后大木博士出面提出这是一种,挑战,阿蜜,13,小刚,10
小茜是个长相甜美却十分迷糊的女孩，她经常在家乡迷路。她对可爱的宝可梦有着十足的好感。她在对战中的策略通常依赖大奶罐几乎势不可挡的滚动和皮皮变幻莫测的挥指，但有时会适得其反。,拥有,小茜,0,大奶罐,54
在呱呱泡蛙VS小箭雀！空中机动对战!!中，小次郎收服了好啦鱿。,拥有,小次郎,21,好啦鱿,27
《钻石／珍珠／白金》中的这位妈妈是光辉或是小光的母亲，名字叫彩子（日文︰アヤコ，英文︰Johanna）。,亲戚,光辉,17,彩子,30
自此阿响开始了他在城都地区的旅程，对抗道馆馆主收集徽章。在烧焦塔，他有幸目睹了凤王卫队的复活。后来他又前去湛蓝市秘传药店取来秘传之药，治好光辉灯塔的电龙光儿。在愤怒之湖，他遇见了奇怪的红色暴鲤龙，之后便与神秘训练家阿渡一起调查卡吉镇的火箭队基地。后来他又击溃了占领满金电台的火箭队残党，粉碎了他们企图复活的阴谋。集齐8枚徽章后，阿响来到了石英高原挑战宝可梦联盟。,挑战,阿响,164,宝可梦联盟,175
赤红跟青绿在帕希欧竞技场观众席观看小结、艾莉丝和阿驯的队伍对战风露、大叶和阿塞萝拉的队伍。,挑战,艾莉丝,20,大叶,34
赤红就此展开旅程，不断挑战道馆馆主获得徽章。在旅程中，赤红还会遇到以盗取他人宝可梦为目的的邪恶组织火箭队。在月见山，赤红会遇到以偷取化石为目的火箭队手下。打败他们后来到华蓝市，可以从警察那里得知出现了小偷把居民的家打了一个大洞，赤红调查后发现这也是火箭队做下的勾当。途径海角小屋的赤红会遇到不小心把自己变成宝可梦的正辉，在帮他恢复原样后，正辉会赠送赤红船票表示感谢。接到船票的赤红可以从枯叶港登上圣特安努号。,敌对,赤红,27,火箭队,49
赤红跟青绿在帕希欧竞技场观众席观看小结、艾莉丝和阿驯的队伍对战风露、大叶和阿塞萝拉的队伍。,伙伴,赤红,0,青绿,3
在VS镰刀盔中，小茜观看了小刚和阿蜜的对战赛。接着，在VS猫头夜鹰中，小茜和小霞的对战就开始了，大奶罐的滚被小霞的宝石海星轻松躲开了，接着小霞的宝石海星又用高速旋转命中大奶罐，最后用一发破坏光线直接带走了小茜大奶罐，赢得了比赛的胜利。,拥有,小霞,54,宝石海星,57
君莎小姐首次出现在宝可梦中心大对决！，她在追捕火箭队时，遇到了小智。她怀疑小智是窃贼，但看到了他的图鉴时，于是她相信小智并带领他到宝可梦中心。正准备离开时，她看到了小智一行人和火箭队的战斗，之后她帮助乔伊并等到了次日早上。,敌对,火箭队,88,小智,82
在消失的宝可梦之谜，君莎告诉小智一行人金柑岛内的宝可梦行为变得异常，会攻击自己的主人。但自己的鬼斯没有任何变化，她怀疑是超能力属性宝可梦在作乱。在四人一起发现了在道路上的火箭队后，火箭队原不肯和君莎合作，但为了让自己的宝可梦恢复原状，他们告诉君莎这是亚马多和小三郎的阴谋。火箭队把君莎和小智等人混入装有精灵球的推车内进入电波发射塔来破坏他们的恶行，君莎派出了鬼斯抵挡对方的攻击，在催眠装置破坏之后，鬼斯又与催眠貘进行了战斗，但由于在对战中催眠貘和波克比一起使用了挥指引发了自爆，最终亚马多和小三郎被君莎抓捕归案。,敌对,亚马多,125,君莎,121
小刚是小智挑战的第一位道馆馆主，他十分的强大但不懂得变通，训练学生的方式也十分严厉导致很多学生都离开了深灰道馆，只剩下露营少年一人了。在深灰市中，小刚接受了小智的挑战，小智派出火属性的小火龙与小刚的大岩蛇对战，这让小刚感到吃惊，小刚表示他就算面对小孩子也不会防水的。最后，小智的小火龙发现了小刚大岩蛇的弱点，打败了小刚，小刚给予了小智灰色徽章。,拥有,小智,136,小火龙,139
获得16枚徽章后，星期六、日15:00-17:00，莉佳会在玉虹市的喷泉处与阿蜜谈话，阿蜜对于自己过于普通不出色这件事感到有些苦恼，结果被莉佳诱导她批评小椿的服装。同时她也会告诉主角她的宝可齿轮号码。如果在星期日早晨打电话给她的话，她会前往格斗道场等待再战。得到号码后，星期一可以在玉虹市和她合影。,位于,莉佳,69,玉虹市,141
《红／绿／蓝／皮卡丘》、《火红／叶绿》的台词显示青绿在宝可梦塔中捉到一只卡拉卡拉。,拥有,青绿,24,卡拉卡拉,36
在VS猫头夜鹰中，阿速先是在观众席上去观看了小茜和小霞的比赛，紧接着就轮到他上场了，阿速派出了猫头夜鹰迎战阿杏的臭臭泥。对战中，阿杏的臭臭泥缩小这一点让阿速很是惊讶，接着阿速由臭臭泥使出的臭泥炸弹判断出阿杏的专长是毒属性。阿速深知如果再被臭臭泥击中，就会输掉比赛，但是他又找不到缩小的臭臭泥的位置，于是阿速决定让猫头夜鹰使用识破找到了臭臭泥，见情形不妙的阿杏收回了臭臭泥，换上了阿利多斯，阿速命令猫头夜鹰抓起了阿利多斯展开空中决斗，但阿利多斯脱离了猫头夜鹰回到地面，还在猫头夜鹰面前织网，趁着阿速分析阿利多斯行为并且阿杏在解释阿利多斯的蛛丝时，阿利多斯再次发动攻击用锐利的攻击丝击败了猫头夜鹰。阿速派,挑战,小茜,22,小霞,25
在挑战者中，希巴与挑战者对战，结果希巴派出的怪力被挑战者的大比鸟打败。,拥有,希巴,17,怪力,22
在《钻石／珍珠／白金》中，首次会在宝可梦中心之外会出现宝可梦中心的姐姐，家缘市的宝可梦中心的姐姐美狄（暂译，日文︰メディ，英文︰Casey）会参加超级华丽大赛，使用的宝可梦为吉利蛋气球（暂译，日文︰ばるん，英文︰Pinky）。,来自,美狄,48,家缘市,36
娜姿和马志士、阿桔一同出现在苏芳岛，并与夏伯、小茂、小蓝、小黄和正辉合作打倒四天王。由于对方有四个人，而且他们都不确定对方会否中途离开，所以娜姿就用胡地的超能力“命运的汤匙”把8人分成4组，每组负责打倒一个四天王。娜姿和小蓝被选为同组，对上了科拿，左手被科拿的冰手铐冻伤。,拥有,娜姿,70,胡地,74
小茜在满金道馆，力量与速度中首次登场，她在小智的皮卡丘和她的皮皮相撞后，跑到了皮卡丘身边，亲吻了皮卡丘的额头，让皮卡丘很是开心。 随后，她带着小智一行人穿过满金地道，来到了满金百货商场。 然而，他们却跌跌撞撞地走了很多不想去的地方。 最后，他们来到一家餐厅，吃了汉堡。之后，他们遇到了火箭队，火箭队抢走了她的皮皮，坐上了磁浮列车，但被他们成功拦住了，火箭队随即空手而去，空手而归。在得知小茜就是满金道馆馆主后，小智向她提出道馆挑战的请求，尽管今天是她的休息日，但她还是答应了挑战，并专门为他开放了道馆。在比赛中，小智成功用他的火球鼠打败了她派出的第一只宝可梦尼多丽娜。接着她派出皮皮，却因挥指使出了毫,友好,皮卡丘,24,皮皮,30
但没有沮丧，反而更加有精神，因为他想挑战各地道馆馆主都没能捕获的水君。阿速想到了捕捉方法，他让盔甲鸟使出了钢翼让翅膀变得锋利，来将水君劈成两半，但是盔甲鸟不敌水君，盔甲鸟的翅膀还没切开水君头上的水晶就裂开了。阿速只好另换对策，他自我旋转，边旋转边投掷精灵球，把水君也弄得头晕目眩去，但阿速并不是乱投的，精灵球上都有回力镖，眼看精灵球都飞到了水君身边，但炎帝雷公使出招式毁掉了精灵球，阿速再次失败，之后炎帝雷公和水君纷纷离去。这时，由于盔甲鸟翅膀毁坏失去平衡开始下坠，水君的泡泡救下了阿速。阿速自知实力不够，即便炎帝雷公没有出手，自己可能也无法战胜水君。这时，阿速对偷猎者亮出了警察证，并告诉他自己是桔,友好,炎帝,200,雷公,202
在消失的宝可梦之谜，君莎告诉小智一行人金柑岛内的宝可梦行为变得异常，会攻击自己的主人。但自己的鬼斯没有任何变化，她怀疑是超能力属性宝可梦在作乱。在四人一起发现了在道路上的火箭队后，火箭队原不肯和君莎合作，但为了让自己的宝可梦恢复原状，他们告诉君莎这是亚马多和小三郎的阴谋。火箭队把君莎和小智等人混入装有精灵球的推车内进入电波发射塔来破坏他们的恶行，君莎派出了鬼斯抵挡对方的攻击，在催眠装置破坏之后，鬼斯又与催眠貘进行了战斗，但由于在对战中催眠貘和波克比一起使用了挥指引发了自爆，最终亚马多和小三郎被君莎抓捕归案。,敌对,君莎,121,小三郎,129
阿桔是药物和毒药的专家，经常用自己做的药来为宝可梦治病。身为伊贺流的后代，他是位忍术大师，教过许多学生，他女儿也是其中之一。在道馆中他装了很多透明的墙，来考验挑战者。他和狩猎地带的园长巴奥巴是好友，经常去狩猎地带里巡逻。,伙伴,阿桔,0,巴奥巴,92
赶走呆呆兽之井的火箭队后，走到桧皮镇左边路口时他会出现，挑战主角。在烧焦塔内也会遇到他。主角到浅葱市时能看见他从道馆出来，并说“那个柔弱的道馆馆主”不在。湛蓝市的诚儿对主角说有个“和你差不多大、头发有点长、眼神犀利的人”抢走他一只心爱的宝可梦，即小银，这只宝可梦就是他队伍中的狃拉。,拥有,诚儿,81,狃拉,138
在特别动画中，阿渡与竹兰和大吾联手合作，在帕希欧竞技场跟到来的黑连、小霞和可尔妮所组成队伍进行对战。,伙伴,黑连,31,小霞,34
在不要哭，好坏星！中，小次郎遇到了好坏星的初恋对象兼前辈——一只紫色触手的好坏星。这只好坏星因为误会小次郎欺骗了它的“爱哭鬼”后辈而愤怒地攻击他，甚至进化成超坏星使他中了剧毒，直到第二天才解毒。在被穿着熊救回基地后，小次郎因为希望好坏星获得幸福，告诉武藏和喵喵他决定放生好坏星，这让好坏星心绪不宁而离家出走。第二天，在好坏星被一只毒刺水母袭击时，小次郎及时赶到救了它，试图将它推到超坏星前辈那里，并狠心地说了一些话想让它离开，好坏星为此而哭泣，这让超坏星十分不满，要求和小次郎决斗。小次郎答应了它的请求，甚至在对战中依靠自己的毅力解毒，最终他们打得精疲力尽躺倒在沙滩上并成为了朋友，而此时小次郎也明白,敌对,好坏星,159,毒刺水母,165
在谜拟Ｑ的画皮！中，火箭队三人组再次捕捉皮卡丘失败，他们被卡奇和爆焰龟兽的超强极限爆焰弹击飞，而武藏和谜拟Ｑ一同掉落到购物广场。武藏发现谜拟Ｑ的画皮破了，她强压惊惧想将谜拟Ｑ收回球中，但对方却不愿意。为了让谜拟Ｑ进入精灵球，武藏决定和谜拟Ｑ一起享用马拉萨达，然而她刚把买好的马拉萨达从纸袋中拿出，空中就杀出三只黑暗鸦将马拉萨达抢走了。武藏在吓跑了黑暗鸦后注意到了自己手中的空纸袋，于是她心生一计，暂时把这个空纸袋当作谜拟Ｑ的画皮使用。武藏带着谜拟Ｑ来到时装店，她不断给谜拟Ｑ变换造型，却让谜拟Ｑ越发生气。武藏不理解谜拟Ｑ生气的原因，但她在意识到谜拟Ｑ很重视皮卡丘样子的画皮后，便帮助谜拟Ｑ修补好了画皮,友好,卡奇,29,爆焰龟兽,32
青绿跟赤红在帕希欧竞技场观众席观看小结、艾莉丝和阿驯的队伍对战风露、大叶和阿塞萝拉的队伍。,伙伴,小结,17,阿驯,24
在名侦探君莎，蛋不见了，大搜谜，君莎在小智的蛋被偷后来到宝可梦中心破案，尽管她自称名侦探，但她的破案太过武断而且她的推理没有任何作用。之后她、小智一行人、乔伊遇见得到小智的蛋的袋兽，袋兽把蛋还给了小智，并和小智一起击败了来偷蛋的火箭队。,敌对,火箭队,114,小智,103
在天罗地网中，坂木在常青道馆输给青绿和赤红后失踪。之后他在片尾出现并宣言“火箭队是不会被打倒的”。,伙伴,赤红,19,青绿,16
阿笔是城都地区年纪最小的道馆馆主，他对虫属性宝可梦进行了大量的研究，将来想要成为宝可梦博士。他甚至发现了招式连斩，这也是他的飞天螳螂的代表性招式。他声称和虫属性宝可梦有关的事绝不会输给别人，但被主角打败后他也会承认他的研究还未完成。阿笔不会参加捕虫大赛，因为他已经赢过很多次了。,拥有,阿笔,0,飞天螳螂,62
在GOTCHA!中，持有大竺葵、火暴兽及大力鳄的小银与琴音相遇。,拥有,小银,24,火暴兽,16
在VS超甲狂犀中，阿速和阿笔以及阿四收到松叶的委托，守在缘朱道馆门口，阻止要借用千里眼的可疑人物进入道馆。小银来道馆时遇到了阿速等人，阿速和阿笔的宝可梦都被小银的玛狃拉轻松击败，接着阿四派出战舞郎应战小银的超甲狂犀，对战中，阿速发现战舞郎似乎和超甲狂犀认识，在小银解释后，阿速等人觉得是小茂认可的人没有问题，就让他进去找松叶。,拥有,小银,78,玛狃拉,81
大木奈奈美（日文︰オーキド・ナナミ，英文︰Daisy Oak）是青绿的姊姊，也是大木博士的孙女。,亲戚,大木奈奈美,0,大木博士,40
奈奈美、小智、小蓝一起去找正辉，却发现正辉受了伤。原来赤焰松和水梧桐早先来过，抢走了红宝石和蓝宝石自我修复成的朱红色宝珠和靛蓝色宝珠。,伙伴,奈奈美,0,小智,4
在火箭队！乱抓，再见了！中，武藏和小次郎、喵喵遇到了宝可梦猎人阿隆和被他偷捕的阿柏蛇和瓦斯弹。阿柏怪看到受伤的同伴感到很伤心，于是武藏决定将阿柏蛇全部接收并善待它们。然而由于实力上的差距，他们被阿隆的沙基拉斯用沙暴打飞。后来阿柏怪通过地面的震动再次找到了阿隆，双弹瓦斯使用烟幕吸引了阿隆的注意力，喵喵则乘机将阿柏蛇和瓦斯弹从笼子里放了出来。这让阿隆十分恼火，他再次派出了他的沙基拉斯，沙基拉斯进化为班基拉斯并使出了让果然翁来不及用出双倍奉还的破坏光线。武藏和小次郎自知他们打不过班基拉斯，于是两人命令阿柏怪和双弹瓦斯保护阿柏蛇和瓦斯弹离开，而两人和喵喵则用身体挡下了班基拉斯的攻击。,敌对,果然翁,208,沙基拉斯,187
在乌贼王对好啦鱿！用情谊来拯救世界!!中，小次郎等人再次遇到了邪恶的乌贼王。而这时好啦鱿表现得十分激动，连喵喵也听不懂它在说什么。武藏便认为好啦鱿与乌贼王们是同伙，想把他们交出去，这个想法得到了喵喵的认可，但小次郎坚信好啦鱿不会做出这种事。逃出乌贼王的控制后，好啦鱿才说明它的本心：它不肯原谅之前控制小次郎的乌贼王，不想看到小次郎被控制，所以它要打败乌贼王们。这让小次郎和喵喵深受感动。当他们解救了武藏等人后，小次郎的好啦鱿却被乌贼王控制，向小智一行人和火箭队三人组发起攻击。看到被控制的好啦鱿，小次郎拿出了好啦鱿最喜欢的可颂，并抱住了冲向他的好啦鱿。在小次郎的怀抱中，好啦鱿想起了与小次郎在一起的经,友好,乌贼王,74,好啦鱿,70
她与另一名火箭队成员亚马多是劲敌关系，她总是想超越亚马多，但总因为自己所拥有的武器太差无法打败亚马多。另外，在宝可梦 太阳＆月亮当中她也数次表现出对坂木的秘书真鸟的厌烦情绪。,伙伴,真鸟,79,坂木,74
在VS勇基拉中，娜姿让勇基拉装成大木博士等待小智回到研究所，但发现勇基拉装成的大木博士开始膨胀并发起的小智派出妙蛙，勇基拉也使出幻象光线击妙蛙和小智，但它最终还是被妙蛙的寄生种子缠着并原形毕露。这时娜姿从暗处现身告诉小智，勇基拉用的是催眠术，会让人跟宝可梦产生幻觉。还告诉小智因为小智总是在坏火箭队的好事，所以今天才来当面警告，如果小智相救真正的大木博士就请到金黄市去。小智明白镇民的失踪也和火箭队有关。于是生气的让妙蛙攻击娜姿，却不曾想飞叶快刀根本无法打中娜姿，娜姿跟小智说完后会有期就转身离去。,敌对,小智,185,娜姿,212
在挑战者中，作为四天王之一的阿渡与挑战者对战，结果阿渡的快龙被挑战者的水箭龟打败。,拥有,阿渡,25,快龙,28
在消失的宝可梦之谜，君莎告诉小智一行人金柑岛内的宝可梦行为变得异常，会攻击自己的主人。但自己的鬼斯没有任何变化，她怀疑是超能力属性宝可梦在作乱。在四人一起发现了在道路上的火箭队后，火箭队原不肯和君莎合作，但为了让自己的宝可梦恢复原状，他们告诉君莎这是亚马多和小三郎的阴谋。火箭队把君莎和小智等人混入装有精灵球的推车内进入电波发射塔来破坏他们的恶行，君莎派出了鬼斯抵挡对方的攻击，在催眠装置破坏之后，鬼斯又与催眠貘进行了战斗，但由于在对战中催眠貘和波克比一起使用了挥指引发了自爆，最终亚马多和小三郎被君莎抓捕归案。,敌对,君莎,121,亚马多,125
在火箭队！乱抓，再见了！中，武藏和小次郎、喵喵遇到了宝可梦猎人阿隆和被他偷捕的阿柏蛇和瓦斯弹。阿柏怪看到受伤的同伴感到很伤心，于是武藏决定将阿柏蛇全部接收并善待它们。然而由于实力上的差距，他们被阿隆的沙基拉斯用沙暴打飞。后来阿柏怪通过地面的震动再次找到了阿隆，双弹瓦斯使用烟幕吸引了阿隆的注意力，喵喵则乘机将阿柏蛇和瓦斯弹从笼子里放了出来。这让阿隆十分恼火，他再次派出了他的沙基拉斯，沙基拉斯进化为班基拉斯并使出了让果然翁来不及用出双倍奉还的破坏光线。武藏和小次郎自知他们打不过班基拉斯，于是两人命令阿柏怪和双弹瓦斯保护阿柏蛇和瓦斯弹离开，而两人和喵喵则用身体挡下了班基拉斯的攻击。,敌对,阿柏蛇,39,沙基拉斯,187
阿响的经历与《水晶版》大致相同。额外的，集齐8枚徽章后，在缘朱市缘朱舞场能得到和服女孩们的认可，她们会前往铃铛塔协助阿响召唤凤王HG/前往漩涡岛协助阿响召唤洛奇亚SS。而登入名人堂后，凤王卫队中的水君在四处逃窜后最终待在了２５号道路的海角。水京会在此见证主角和水君的对决。,来自,和服女孩,39,缘朱市,29
当空木博士拜托他去住在吉花市北边的宝可梦爷爷那里跑一趟时，阿响的旅程开始了。考虑到他可能会在路上遇到危险的野生宝可梦，空木博士还送给了他一只最初的伙伴来防身。临走时，阿响看到一个和他同岁的奇怪男孩正在空木博士研究所外偷窥。当他想要跟他说话时，男孩粗鲁地推开了他。在宝可梦爷爷的家里他还遇到了大木博士。大木博士看出阿响与宝可梦之间的牵绊，交给了他宝可梦图鉴。在回家的路上，阿响遇到了偷走空木博士的宝可梦的小银。在战斗中击败他后，阿响得知了他的名字并告诉若叶镇的警察。空木博士鼓励他去挑战石英高原。,伙伴,大木博士,150,阿响,156
奈奈美、小智、小蓝一起去找正辉，却发现正辉受了伤。原来赤焰松和水梧桐早先来过，抢走了红宝石和蓝宝石自我修复成的朱红色宝珠和靛蓝色宝珠。,伙伴,小智,4,小蓝,7
阿响的经历与《水晶版》大致相同。额外的，集齐8枚徽章后，在缘朱市缘朱舞场能得到和服女孩们的认可，她们会前往铃铛塔协助阿响召唤凤王HG/前往漩涡岛协助阿响召唤洛奇亚SS。而登入名人堂后，凤王卫队中的水君在四处逃窜后最终待在了２５号道路的海角。水京会在此见证主角和水君的对决。,位于,和服女孩,39,铃铛塔,53
在宝可梦 太阳＆月亮中，火箭队三人组直到第三集才出场。因为坂木老大指派的任务，火箭队前来阿罗拉地区捕捉阿罗拉地区特有的宝可梦，武藏已经将南瓜怪人寄放在火箭队总部。在这一集中，武藏和小次郎在与小智对战时被穿着熊抱走，来到了穿着熊的巢穴。之后武藏用小次郎的豪华球收服了帮助他们的谜拟Ｑ。,出没,谜拟Ｑ,137,阿罗拉地区,44
在遇到好坏星的户外教学!?中，为了收服海洋中的宝可梦，小次郎伪装成太阳珊瑚潜入海底，但被好坏星抓住刺破了头盔。来到岸上，好坏星抱住了小次郎的头，小次郎的头因为中毒而有些像好坏星。而这只好坏星似乎很喜欢小次郎中毒的样子。喵喵推测这是因为小次郎长得很像这只好坏星的初恋对象。当小智出现时，小次郎指挥好坏星与小智对战，但在即将胜利的时候被穿着熊抱走。回到穿着熊的巢穴后，小次郎提议将这里作为火箭队的秘密基地，得到了武藏和喵喵的支持。之后小次郎感化并收服了好坏星。,出没,太阳珊瑚,33,海底,39
奈奈美、小智、小蓝一起去找正辉，却发现正辉受了伤。原来赤焰松和水梧桐早先来过，抢走了红宝石和蓝宝石自我修复成的朱红色宝珠和靛蓝色宝珠。,伙伴,小智,4,正辉,13
在警犬卡蒂狗，火箭队利用臭臭弹和变声器来命令她的卡蒂狗攻击小智一行人和她，在卡蒂狗经过她的感化之后，战胜了火箭队。,敌对,小智,29,火箭队,7
亚希达先生与对战开拓区！中，丰缘联盟结束后，小智在回真新镇的途中路过常青市，他发现道馆已经整修完毕，于是一时兴起便想再次挑战常青道馆，结果发现道馆馆主暂时由菊子接任。战斗采1对1，小智使用皮卡丘，菊子则使用耿鬼，耿鬼在使出催眠术之后接著使用食梦便结束了这场比赛，由菊子取得胜利。虽然小智战败，但他的实力仍得到菊子的肯定。菊子表示，在找到下一任常青市道馆馆主之前暂时由她担任道馆馆主的职位。之后火箭队三人组突然出现抢夺皮卡丘，菊子出手帮助，并使用大嘴蝠与皮卡丘合力打跑火箭队。,来自,小智,22,真新镇,26
在VS大岩蛇中，小刚旁观接连打败了多位训练家的小智，心想终于能够有想自己挑战的训练家出现了。因为小智的其他宝可梦的HP都不足了，就拜托皮卡丘上场和小刚对战。但皮卡丘十分不愿意，于是小刚就让大岩蛇对皮卡丘进行攻击，但皮卡丘接连躲开了多个落石，但被最后一颗落石砸中的它十分不爽直接电了小智。这时，小刚误会小智能够赢得对战只是纯属侥幸，生气的小刚想给小智一点颜色瞧瞧，就让大岩蛇放开全力给小智的皮卡丘最后一击。小智担心皮卡丘承受不住而跃身救下了皮卡丘，这使得皮卡丘十分感动，直接放电将大岩蛇电的七零八落从而赢得了胜利，小智也从小刚那里的获得灰色徽章。同时，小茂也从小刚那里拿到了灰色徽章。,挑战,小茂,275,小刚,279
阿响的经历与《金／银》大致相同。额外的，在烧焦塔他还会遇见研究凤王卫队的专家水京，此后还会多次遇到他。水君也不再四处游走，而获得透明铃铛后出现在铃铛塔。,位于,水京,38,烧焦塔,21
在VS超甲狂犀中，阿速和阿笔以及阿四收到松叶的委托，守在缘朱道馆门口，阻止要借用千里眼的可疑人物进入道馆。小银来道馆时遇到了阿速等人，阿速和阿笔的宝可梦都被小银的玛狃拉轻松击败，接着阿四派出战舞郎应战小银的超甲狂犀，对战中，阿速发现战舞郎似乎和超甲狂犀认识，在小银解释后，阿速等人觉得是小茂认可的人没有问题，就让他进去找松叶。,拥有,小银,100,超甲狂犀,103
在雷公 雷的传说的片头中，小银用尼多王打败刚出道的健太和他的火球鼠。后来，健太和火球鼠不断特训，不断向他挑战。最终，火球鼠进化成了火暴兽，成功击败了尼多王。,拥有,健太,37,火球鼠,40
在消失的宝可梦之谜，君莎告诉小智一行人金柑岛内的宝可梦行为变得异常，会攻击自己的主人。但自己的鬼斯没有任何变化，她怀疑是超能力属性宝可梦在作乱。在四人一起发现了在道路上的火箭队后，火箭队原不肯和君莎合作，但为了让自己的宝可梦恢复原状，他们告诉君莎这是亚马多和小三郎的阴谋。火箭队把君莎和小智等人混入装有精灵球的推车内进入电波发射塔来破坏他们的恶行，君莎派出了鬼斯抵挡对方的攻击，在催眠装置破坏之后，鬼斯又与催眠貘进行了战斗，但由于在对战中催眠貘和波克比一起使用了挥指引发了自爆，最终亚马多和小三郎被君莎抓捕归案。,伙伴,亚马多,241,小三郎,245
在浅红道馆的忍者决斗中，小智一行人几经周折通过了道馆的陷阱才见到了道馆馆主阿桔。小智向阿桔发起挑战。小智派出的第一只宝可梦，比比鸟被阿桔的刚刚进化的摩鲁蛾击败了。之后小智让小火龙出战，但比赛被火箭队中断。火箭队捕获了道馆中所有的霹雳电球，并企图对道馆中所有的毒属性宝可梦下手。在火箭队被小霞的可达鸭打飞后，阿桔和小智的比赛重新开始。阿桔的大嘴蝠输给了小火龙之后，阿桔授予了小智粉红徽章。,挑战,小智,40,阿桔,43
小刚是小智挑战的第一位道馆馆主，他十分的强大但不懂得变通，训练学生的方式也十分严厉导致很多学生都离开了深灰道馆，只剩下露营少年一人了。在深灰市中，小刚接受了小智的挑战，小智派出火属性的小火龙与小刚的大岩蛇对战，这让小刚感到吃惊，小刚表示他就算面对小孩子也不会防水的。最后，小智的小火龙发现了小刚大岩蛇的弱点，打败了小刚，小刚给予了小智灰色徽章。,拥有,小智,84,小火龙,92
小茜是一位艺人，她和胡桃是好朋友，性格比较傲慢并且个性倔强。小茜似乎并不是很强的道馆馆主，因为小茜是除有渊源的柳伯以外唯一一位没有被水君挑战的城都地区的道馆馆主。,伙伴,小茜,0,胡桃,10
在火箭队！乱抓，再见了！中，武藏和小次郎、喵喵遇到了宝可梦猎人阿隆和被他偷捕的阿柏蛇和瓦斯弹。阿柏怪看到受伤的同伴感到很伤心，于是武藏决定将阿柏蛇全部接收并善待它们。然而由于实力上的差距，他们被阿隆的沙基拉斯用沙暴打飞。后来阿柏怪通过地面的震动再次找到了阿隆，双弹瓦斯使用烟幕吸引了阿隆的注意力，喵喵则乘机将阿柏蛇和瓦斯弹从笼子里放了出来。这让阿隆十分恼火，他再次派出了他的沙基拉斯，沙基拉斯进化为班基拉斯并使出了让果然翁来不及用出双倍奉还的破坏光线。武藏和小次郎自知他们打不过班基拉斯，于是两人命令阿柏怪和双弹瓦斯保护阿柏蛇和瓦斯弹离开，而两人和喵喵则用身体挡下了班基拉斯的攻击。,拥有,阿隆,31,沙基拉斯,187
小茜是一位艺人，她和胡桃是好朋友，性格比较傲慢并且个性倔强。小茜似乎并不是很强的道馆馆主，因为小茜是除有渊源的柳伯以外唯一一位没有被水君挑战的城都地区的道馆馆主。,来自,小茜,47,城都地区,71
在VS洛奇亚和凤王（上篇）中，火箭队残党乘坐磁浮列车袭击了表演赛会场，小刚和众馆主开始反击。从最终决战III开始，小刚就和其他道馆馆主在磁浮列车上一起对抗火箭队残党的手下。,挑战,小刚,57,火箭队,77
奈奈美、小智、小蓝一起去找正辉，却发现正辉受了伤。原来赤焰松和水梧桐早先来过，抢走了红宝石和蓝宝石自我修复成的朱红色宝珠和靛蓝色宝珠。,敌对,正辉,19,赤焰松,27
在浅红道馆的忍者决斗中，小智一行人几经周折通过了道馆的陷阱才见到了道馆馆主阿桔。小智向阿桔发起挑战。小智派出的第一只宝可梦，比比鸟被阿桔的刚刚进化的摩鲁蛾击败了。之后小智让小火龙出战，但比赛被火箭队中断。火箭队捕获了道馆中所有的霹雳电球，并企图对道馆中所有的毒属性宝可梦下手。在火箭队被小霞的可达鸭打飞后，阿桔和小智的比赛重新开始。阿桔的大嘴蝠输给了小火龙之后，阿桔授予了小智粉红徽章。,挑战,小霞,143,火箭队,139
在卡拉卡拉中，在枯叶道馆里马志士用雷丘和赤红进行道馆赛并最终被打败了，最后将橙色徽章交给了赤红。战斗的过程并没有展示出来。,挑战,马志士,13,赤红,20
空木博士是大木博士的优秀学生，两人经常讨论宝可梦研究的问题。不过，空木博士的指导内容多冗长且多余。在小智与大木博士通话时，空木博士常会迫不及待地向大木博士介绍自己的新成果，结果说的相当冗长，让小智一行人很尴尬。,伙伴,空木博士,61,小智,96
在卡蒂狗和小次郎中，小次郎初次回忆往事。他出生于一个百万富翁的家庭，小次郎的父母想让小次郎成为一位有用的人才，为小次郎请来了23个私人教师教小次郎艺术和礼仪，但小次郎从小最讨厌的就是那种连拿一根汤匙都要注意礼节的上流社会的生活。小卡是小次郎小时候唯一的朋友。日子久了，小次郎便开始厌倦，常常逃课到别处玩。小次郎透露自己曾在某个祭典上想买风铃铃，但因为那时候没有零花钱而没得到，当自己有零花钱时祭典已经结束，小次郎悲伤不已。,伙伴,小卡,114,小次郎,117
在冒险的第一天，青绿在大木研究所选择的宝可梦在属性上克制主角选的宝可梦RGB或选择伊布Y。在获得宝可梦后，青绿会立刻向主角发出挑战。在主角取回包裹后，大木博士会将里面的宝可梦图鉴也托付给主角和青绿，并希望他们能捉到所有种类的宝可梦，实现完成宝可梦图鉴的梦想。,拥有,青绿,8,伊布,41
在消失的宝可梦之谜，君莎告诉小智一行人金柑岛内的宝可梦行为变得异常，会攻击自己的主人。但自己的鬼斯没有任何变化，她怀疑是超能力属性宝可梦在作乱。在四人一起发现了在道路上的火箭队后，火箭队原不肯和君莎合作，但为了让自己的宝可梦恢复原状，他们告诉君莎这是亚马多和小三郎的阴谋。火箭队把君莎和小智等人混入装有精灵球的推车内进入电波发射塔来破坏他们的恶行，君莎派出了鬼斯抵挡对方的攻击，在催眠装置破坏之后，鬼斯又与催眠貘进行了战斗，但由于在对战中催眠貘和波克比一起使用了挥指引发了自爆，最终亚马多和小三郎被君莎抓捕归案。,敌对,催眠貘,203,鬼斯,199
在浅红道馆的忍者决斗中，小智一行人几经周折通过了道馆的陷阱才见到了道馆馆主阿桔。小智向阿桔发起挑战。小智派出的第一只宝可梦，比比鸟被阿桔的刚刚进化的摩鲁蛾击败了。之后小智让小火龙出战，但比赛被火箭队中断。火箭队捕获了道馆中所有的霹雳电球，并企图对道馆中所有的毒属性宝可梦下手。在火箭队被小霞的可达鸭打飞后，阿桔和小智的比赛重新开始。阿桔的大嘴蝠输给了小火龙之后，阿桔授予了小智粉红徽章。,拥有,小智,83,小火龙,86
坂木是小银的父亲，曾经的常青道馆馆主，火箭队老大。他不止实力高深莫测，亦有将身平经验所著成书以传授后人的广阔胸怀，在他身上有着若隐若现的宗师风范。坂木非常残酷，在乔装试探小智时，他利用刺甲贝残忍地将鸭嘴火兽分尸。,拥有,坂木,73,刺甲贝,92
在VS树才怪中，小茜一开始领先阿金，但是却和实况转播车一起被奇怪的树给堵住了去路，生气的小茜责问实况直播车上的人在搞什么鬼，明明自己好不容易才领先的。这时阿金也追了上来，小茜连忙派出大奶罐对奇怪的树使出滚动，但树纹丝不动。阿金也派出宝可梦想要移开树，但也没成功，这时一只巨大的钻角犀兽出现了，似乎在找什么东西，小茜想要先打败钻角犀兽，但不想在对战时反被钻角犀兽抓走了。而这时，阿金发现了树的真身是树才怪，因为被钻角犀兽追才变成了奇怪的树，将它收服后，阿金和广播台的工作人员一起去营救小茜，阿金的树才怪打败了钻角犀兽，小茜得救了但是比赛也终止了。不过，扭到手的小茜看着阿金一副小人得志的样子气就不打一处,拥有,阿金,244,树才怪,247
在VS蜻蜻蜓中，小刚与其他道馆的道馆馆主乘坐磁浮列车，抵达石英高原的竞技场，参加宝可梦联盟大会前的表演赛。在决定比赛顺序的抽签环节，小钢抽到了跟阿蜜同一颜色的球果。,挑战,小钢,66,阿蜜,72
在月见山与他对战后，除了石英高原，星期二、四还能在龙穴看到他，此时他身后跟随着他的最初的伙伴，而且他的大嘴蝠进化为了叉字蝠，说明他已明白和宝可梦搞好关系的意义。事实上，空木博士表明他已经回去道过歉了。阿渡和小椿也在这里，主角需要与小银联手对抗他们俩。,伙伴,小椿,103,阿渡,100
阿响的经历与《水晶版》大致相同。额外的，集齐8枚徽章后，在缘朱市缘朱舞场能得到和服女孩们的认可，她们会前往铃铛塔协助阿响召唤凤王HG/前往漩涡岛协助阿响召唤洛奇亚SS。而登入名人堂后，凤王卫队中的水君在四处逃窜后最终待在了２５号道路的海角。水京会在此见证主角和水君的对决。,拥有,阿响,74,洛奇亚SS,78
在VS皮卡丘中，小智得知了小茂准备挑战深灰道馆的道馆馆主小刚，还从印有小刚的宣传单上得知了道馆的开放时间。,挑战,小茂,13,小刚,28
在菜种与刺球仙人掌！告别是为了谁！中，他为了让刺球仙人掌学会吸取拳以及让它过上更好的生活而将它托付给菜种训练，并为此伤心了很久。,友好,刺球仙人掌,23,菜种,50
在最后一击中，露营少年顺次和理科男昭仁一同回到红莲镇探望夏伯，看见夏伯正在看年轻时与富士老人一起探险的照片，摄影地点可能是在边境的小岛。,位于,夏伯,28,红莲镇,23
阿笔首次在VS未知图腾中登场，路过的阿金误将阿笔当成女孩子，想要叫他去喝茶，但阿笔告诉阿金自己是男的之后，阿金表现得十分沮丧并让阿笔不要介意。当阿笔表示自己来这里是为了寻找失踪的身为自己同伴的遗迹探险队的同伴，阿金决定帮助阿笔找到那些失踪的同伴。阿笔询问阿金来阿露福遗迹的缘由，阿金表示自己也是来寻找失踪的宝可梦的，阿笔表现的很激动，还表示自己在钓鱼胜地也听说过类似的事情。阿笔看到阿金让火球鼠把遗迹的墙壁烧塌，急忙阻止，但最终阿笔还是跟阿金从被火球鼠烧开的墙壁鲁莽地进入遗迹，阿笔跟阿金介绍了遗迹墙壁上画着的“象征宝可梦”时，遇到了遇到了正在遗迹内捕捉未知图腾的火箭队中队长三人组的攻击，阿笔和阿金,伙伴,阿金,105,阿笔,111
小银是火箭队老大坂木的儿子，他不认可父亲的隐退，更憎恨火箭队的所作所为，打算自力更生。虽然他一开始推崇实力至上，但是在与主角和冠军阿渡的接触中也慢慢学会了爱护宝可梦。小银是游戏中唯一有路过的（暂译，日文︰とおりすがりの，英文︰Passerby）这一训练家类型的人。,亲戚,小银,0,坂木,8
在雷公 雷的传说的片头中，小银用尼多王打败刚出道的健太和他的火球鼠。后来，健太和火球鼠不断特训，不断向他挑战。最终，火球鼠进化成了火暴兽，成功击败了尼多王。,拥有,小银,13,尼多王,16
娜姿在小的时候觉醒了超能力，之后就成为了超能力属性属性训练家。她除了会念力移物，还会预知未来。她不是很喜欢对战，但实力依旧强劲。金黄市原先有两座道馆，但隔壁的格斗道馆在馆主竞争赛中输给了娜姿。后来娜姿还当上了影视明星。,位于,娜姿,0,金黄市,64
在VS大岩蛇中，小刚旁观接连打败了多位训练家的小智，心想终于能够有想自己挑战的训练家出现了。因为小智的其他宝可梦的HP都不足了，就拜托皮卡丘上场和小刚对战。但皮卡丘十分不愿意，于是小刚就让大岩蛇对皮卡丘进行攻击，但皮卡丘接连躲开了多个落石，但被最后一颗落石砸中的它十分不爽直接电了小智。这时，小刚误会小智能够赢得对战只是纯属侥幸，生气的小刚想给小智一点颜色瞧瞧，就让大岩蛇放开全力给小智的皮卡丘最后一击。小智担心皮卡丘承受不住而跃身救下了皮卡丘，这使得皮卡丘十分感动，直接放电将大岩蛇电的七零八落从而赢得了胜利，小智也从小刚那里的获得灰色徽章。同时，小茂也从小刚那里拿到了灰色徽章。,拥有,小智,48,皮卡丘,67
大木博士曾经就读于玉虹大学理工科，毕业后继续在该大学读生物学硕士，现在是该大学携带兽学教授。大木博士以前是一位出色的训练家，四天王之一菊子和他曾经好友。但后来，他隐退了，开始研究起了宝可梦，菊子认为他变软弱了，因此疏远了他。钢铁家的照片显示他、大木博士、菊子都是好友。,伙伴,钢铁,112,大木博士,122
当空木博士拜托他去住在吉花市北边的宝可梦爷爷那里跑一趟时，阿响的旅程开始了。考虑到他可能会在路上遇到危险的野生宝可梦，空木博士还送给了他一只最初的伙伴来防身。临走时，阿响看到一个和他同岁的奇怪男孩正在空木博士研究所外偷窥。当他想要跟他说话时，男孩粗鲁地推开了他。在宝可梦爷爷的家里他还遇到了大木博士。大木博士看出阿响与宝可梦之间的牵绊，交给了他宝可梦图鉴。在回家的路上，阿响遇到了偷走空木博士的宝可梦的小银。在战斗中击败他后，阿响得知了他的名字并告诉若叶镇的警察。空木博士鼓励他去挑战石英高原。,敌对,小银,201,阿响,185
阿桔曾是火箭队三干部之一，曾是浅红市道馆馆主。 阿桔曾经前往双子岛捕捉急冻鸟，并在几番波折之后成功。 苏芳岛决战之后被希巴所救。 和小茂有很深的羁绊。 假面男被打败之后，阿桔和曾经都是邪恶组织成员的希巴、一树以及梨花结为同盟。后来他们以城都新四天王的身份在心金·魂银篇登场。,拥有,阿桔,24,急冻鸟,35
《竞技场金银》中，青绿在关都道馆馆主城中的常青道馆。,位于,青绿,9,关都,12
在VS飞天螳螂中，阿笔在休息室和钢铁先生表示感谢，阿笔和千惠一起听了钢铁对带球捕获网的讲解，从休息室出来后阿笔就遇到了自己的对手娜姿，跟娜姿打了招呼。接着在马志士和松叶的对战落下帷幕后，阿笔和娜姿走上赛场，阿笔先是派出飞天螳螂用连斩打了娜姿的魔墙人偶个措手不及，紧接着阿笔又换上赫拉克罗斯用超级角击将魔墙人偶打飞，但却不料想阿笔和赫拉克罗斯都进了娜姿的圈套，被关在了一间看不见的房子里，阿笔这才意识到魔墙人偶假装被飞天螳螂和赫拉克罗斯达到其实是趁机在建造者所房子，本想让赫拉克罗斯用猛撞给透明房子开个洞，但却因为对面的魔墙人偶使用了再来一次而无法成功使出招式。最后，阿笔输掉了比赛。,拥有,阿笔,162,赫拉克罗斯,165
在最终决战XIV中，奈奈美成为了正辉的助手，而克丽丝塔儿成为了大木博士的新助手。,伙伴,奈奈美,10,正辉,16
他的雷丘也跟他一样，装了男子汉的表面。不过，马志士的主要弱点是使他的宝可梦进化太快，不让它们好好学会提升速度的招式，虽然他初次能使出威力来击败小智和皮卡丘，皮卡丘在再战中能够使出提升速度的招式，如高速移动来压倒和战胜雷丘，于是马志士是小智第一个真正战胜过的道馆馆主。虽然马志士输了，他却能很爽快地承认失败并祝贺能打败他的训练家。,挑战,小智,117,马志士,113
莉佳出现在莉佳和臭臭花，经营玉虹市的香水店。说话很有礼貌，但是听不得侮辱店里香水的语句。之前小智正是因为说出这种话而被她赶出店，并且不允许他挑战道馆。武藏和小次郎想潜入道馆偷香水卖钱却被赶出来，遇到小智，他们就设法进入道馆。不得已小智男扮女装混了进来，却被皮卡丘察觉。莉佳答应和他比赛，而比赛中她显得自信满满，直到小智派出她最不擅长应付的火属性的小火龙。可是火箭队打断了比赛并且制造了火灾。小智奋不顾身救下莉佳最喜欢的、曾经帮助过她的臭臭花。莉佳出于感激而将徽章交给小智。,位于,莉佳,5,玉虹市,14
莉佳出现在莉佳和臭臭花，经营玉虹市的香水店。说话很有礼貌，但是听不得侮辱店里香水的语句。之前小智正是因为说出这种话而被她赶出店，并且不允许他挑战道馆。武藏和小次郎想潜入道馆偷香水卖钱却被赶出来，遇到小智，他们就设法进入道馆。不得已小智男扮女装混了进来，却被皮卡丘察觉。莉佳答应和他比赛，而比赛中她显得自信满满，直到小智派出她最不擅长应付的火属性的小火龙。可是火箭队打断了比赛并且制造了火灾。小智奋不顾身救下莉佳最喜欢的、曾经帮助过她的臭臭花。莉佳出于感激而将徽章交给小智。,伙伴,武藏,75,小次郎,78
当空木博士拜托他去住在吉花市北边的宝可梦爷爷那里跑一趟时，阿响的旅程开始了。考虑到他可能会在路上遇到危险的野生宝可梦，空木博士还送给了他一只最初的伙伴来防身。临走时，阿响看到一个和他同岁的奇怪男孩正在空木博士研究所外偷窥。当他想要跟他说话时，男孩粗鲁地推开了他。在宝可梦爷爷的家里他还遇到了大木博士。大木博士看出阿响与宝可梦之间的牵绊，交给了他宝可梦图鉴。在回家的路上，阿响遇到了偷走空木博士的宝可梦的小银。在战斗中击败他后，阿响得知了他的名字并告诉若叶镇的警察。空木博士鼓励他去挑战石英高原。,敌对,阿响,185,小银,201
武藏（日文︰ムサシ，英文︰Jessie）是火箭队的一员，她是三人组的领导者。她和她的同伙小次郎、喵喵总是跟着小智一行人，企图抢走小智的皮卡丘，但从没成功过。在宝可梦 太阳＆月亮的阿罗拉联盟的宣传影片中，她被称为战场的女演员（暂译，日文︰戦場のアクトレス）。,敌对,小智,54,小次郎,44
在首次到达３９号道路时，他会告诉主角新的狩猎地带将会开业，并把自己的宝可齿轮号码给主角。在完成光辉灯塔送药的剧情后，狩猎地带才会开张。接下来他会要求主角在狩猎地带中完成一个任务：在狩猎地带收服一只小拳石。完成三小时后，则会收到第二个任务：使用区域定制功能，并收服一只穿山鼠。,出没,小拳石,98,狩猎地带,90
在VS传说的鸟宝可梦中，小刚负责封锁了靠金黄市南侧的出口防止因为看到西尔佛公司着的火越来越大而企图逃出的火箭队手下，以此来帮助小智等人彻底击溃火箭队并将其一网打尽，他还告诉小智那只被打败的大岩蛇已经满血复活了。,伙伴,小刚,12,小智,63
夏伯为红莲镇道馆馆主，也是化石研究基地的实验员，曾为火箭队的科研人员。 他创造了超梦。,位于,夏伯,0,红莲镇,3
空木博士出现在若叶镇，吹起开启之风的城镇，当天乔伊要为送给新人训练家的小锯鳄检查身体，他细心地在用显微镜看细胞时，把进入研究所的火箭队当作乔伊，而小锯鳄咬着武藏的头发不放。过后，他寻求了君莎的帮助。在小智一行人遇见了空木博士时，他为小刚介绍了他所研究的宝可梦理论。,敌对,乔伊,69,火箭队,64
奈奈美、小智、小蓝一起去找正辉，却发现正辉受了伤。原来赤焰松和水梧桐早先来过，抢走了红宝石和蓝宝石自我修复成的朱红色宝珠和靛蓝色宝珠。,伙伴,赤焰松,27,水梧桐,31
青绿跟赤红在帕希欧竞技场观众席观看小结、艾莉丝和阿驯的队伍对战风露、大叶和阿塞萝拉的队伍。,伙伴,风露,31,大叶,34
在火箭队！乱抓，再见了！中，小次郎和武藏、喵喵遇到了宝可梦猎人阿隆和被他偷捕的阿柏蛇和瓦斯弹。双弹瓦斯看到被捉的同伴感到很伤心，于是小次郎决定将瓦斯弹全部救出来。然而由于实力上的差距，他们被阿隆的沙基拉斯用沙暴打飞。后来阿柏怪通过地面的震动再次找到了阿隆，双弹瓦斯使用烟幕吸引了阿隆的注意力，喵喵则乘机将阿柏蛇和瓦斯弹从笼子里放了出来。这让阿隆十分恼火，他再次派出了他的沙基拉斯，沙基拉斯进化为班基拉斯并使出了让果然翁来不及用出双倍奉还的破坏光线。小次郎和武藏自知他们打不过班基拉斯，于是两人命令阿柏怪和双弹瓦斯保护阿柏蛇和瓦斯弹离开，而两人和喵喵则用身体挡下了班基拉斯的攻击。在该集末尾，小次郎收服,拥有,小次郎,14,双弹瓦斯,47
小茜在满金道馆，力量与速度中首次登场，她在小智的皮卡丘和她的皮皮相撞后，跑到了皮卡丘身边，亲吻了皮卡丘的额头，让皮卡丘很是开心。 随后，她带着小智一行人穿过满金地道，来到了满金百货商场。 然而，他们却跌跌撞撞地走了很多不想去的地方。 最后，他们来到一家餐厅，吃了汉堡。之后，他们遇到了火箭队，火箭队抢走了她的皮皮，坐上了磁浮列车，但被他们成功拦住了，火箭队随即空手而去，空手而归。在得知小茜就是满金道馆馆主后，小智向她提出道馆挑战的请求，尽管今天是她的休息日，但她还是答应了挑战，并专门为他开放了道馆。在比赛中，小智成功用他的火球鼠打败了她派出的第一只宝可梦尼多丽娜。接着她派出皮皮，却因挥指使出了毫,拥有,小智,21,皮卡丘,24
在《钻石／珍珠／白金》中，首次会在宝可梦中心之外会出现宝可梦中心的姐姐，家缘市的宝可梦中心的姐姐美狄（暂译，日文︰メディ，英文︰Casey）会参加超级华丽大赛，使用的宝可梦为吉利蛋气球（暂译，日文︰ばるん，英文︰Pinky）。,拥有,美狄,48,吉利蛋气球,87
在巨钳螳螂对抗赫拉克罗斯中小智和新吾对战的时候，小霞在说“宝可梦会为了训练家而努力”后，提到了科拿曾经也说过这句话。,敌对,巨钳螳螂,1,赫拉克罗斯,7
在VS佛烈托斯中，小刚和小霞来到小智家，把自己参加道馆馆主考试的录像带借给小智，来帮助小智更顺利地通过由宝可梦协会组织的常青道馆的道馆馆主考试。,伙伴,小霞,12,小智,16
亚希达先生与对战开拓区！中，丰缘联盟结束后，小智在回真新镇的途中路过常青市，他发现道馆已经整修完毕，于是一时兴起便想再次挑战常青道馆，结果发现道馆馆主暂时由菊子接任。战斗采1对1，小智使用皮卡丘，菊子则使用耿鬼，耿鬼在使出催眠术之后接著使用食梦便结束了这场比赛，由菊子取得胜利。虽然小智战败，但他的实力仍得到菊子的肯定。菊子表示，在找到下一任常青市道馆馆主之前暂时由她担任道馆馆主的职位。之后火箭队三人组突然出现抢夺皮卡丘，菊子出手帮助，并使用大嘴蝠与皮卡丘合力打跑火箭队。,拥有,菊子,98,耿鬼,103
在讨厌水属性宝可梦的乔伊！小霞的愤怒！中，出现了一位在治疗水属性宝可梦的宝可梦中心里工作的乔伊小姐，但她自己很讨厌水属性宝可梦。在飘飘球与北风的使者！中，出现了名叫沙耶香和小舞的两位乔伊的孩子，她们指出乔伊只是她们家族的“姓氏”。,亲戚,乔伊,45,沙耶香,82
在VS多边兽Ⅱ和VS炎帝中奈奈美因她的爷爷大木博士有事无法离开才来替小茂加油。她走到楼梯正在找他的弟弟时，发现红色的暴鲤龙和蓝色的暴鲤龙正在和炎帝对峙。,亲戚,奈奈美,13,大木博士,21
在消失的宝可梦之谜，君莎告诉小智一行人金柑岛内的宝可梦行为变得异常，会攻击自己的主人。但自己的鬼斯没有任何变化，她怀疑是超能力属性宝可梦在作乱。在四人一起发现了在道路上的火箭队后，火箭队原不肯和君莎合作，但为了让自己的宝可梦恢复原状，他们告诉君莎这是亚马多和小三郎的阴谋。火箭队把君莎和小智等人混入装有精灵球的推车内进入电波发射塔来破坏他们的恶行，君莎派出了鬼斯抵挡对方的攻击，在催眠装置破坏之后，鬼斯又与催眠貘进行了战斗，但由于在对战中催眠貘和波克比一起使用了挥指引发了自爆，最终亚马多和小三郎被君莎抓捕归案。,敌对,君莎,249,亚马多,241
一年后，在VS班基拉斯中奈奈美正在帮小智特训，但对他的四肢麻痹表示担心。然后在VS佛烈托斯和VS巨钳螳螂中，奈奈美和小黄一起观看常青道馆里考试会场的小智进行考试对战。后来奈奈美打听到在白银山可以治疗受伤宝可梦的神奇温泉的情报，小智得知后向白银山出发。,伙伴,奈奈美,54,小黄,58
在消失的宝可梦之谜，君莎告诉小智一行人金柑岛内的宝可梦行为变得异常，会攻击自己的主人。但自己的鬼斯没有任何变化，她怀疑是超能力属性宝可梦在作乱。在四人一起发现了在道路上的火箭队后，火箭队原不肯和君莎合作，但为了让自己的宝可梦恢复原状，他们告诉君莎这是亚马多和小三郎的阴谋。火箭队把君莎和小智等人混入装有精灵球的推车内进入电波发射塔来破坏他们的恶行，君莎派出了鬼斯抵挡对方的攻击，在催眠装置破坏之后，鬼斯又与催眠貘进行了战斗，但由于在对战中催眠貘和波克比一起使用了挥指引发了自爆，最终亚马多和小三郎被君莎抓捕归案。,拥有,君莎,10,鬼斯,47
在VS猫头夜鹰中，阿速先是在观众席上去观看了小茜和小霞的比赛，紧接着就轮到他上场了，阿速派出了猫头夜鹰迎战阿杏的臭臭泥。对战中，阿杏的臭臭泥缩小这一点让阿速很是惊讶，接着阿速由臭臭泥使出的臭泥炸弹判断出阿杏的专长是毒属性。阿速深知如果再被臭臭泥击中，就会输掉比赛，但是他又找不到缩小的臭臭泥的位置，于是阿速决定让猫头夜鹰使用识破找到了臭臭泥，见情形不妙的阿杏收回了臭臭泥，换上了阿利多斯，阿速命令猫头夜鹰抓起了阿利多斯展开空中决斗，但阿利多斯脱离了猫头夜鹰回到地面，还在猫头夜鹰面前织网，趁着阿速分析阿利多斯行为并且阿杏在解释阿利多斯的蛛丝时，阿利多斯再次发动攻击用锐利的攻击丝击败了猫头夜鹰。阿速派,拥有,阿杏,177,阿利多斯,189
在宝可梦 太阳＆月亮中，火箭队三人组直到第三集才出场。因为坂木老大指派的任务，火箭队前来阿罗拉地区捕捉阿罗拉地区特有的宝可梦，武藏已经将南瓜怪人寄放在火箭队总部。在这一集中，武藏和小次郎在与小智对战时被穿着熊抱走，来到了穿着熊的巢穴。之后武藏用小次郎的豪华球收服了帮助他们的谜拟Ｑ。,出没,穿着熊,101,阿罗拉地区,44
在火箭队！乱抓，再见了！中，武藏和小次郎、喵喵遇到了宝可梦猎人阿隆和被他偷捕的阿柏蛇和瓦斯弹。阿柏怪看到受伤的同伴感到很伤心，于是武藏决定将阿柏蛇全部接收并善待它们。然而由于实力上的差距，他们被阿隆的沙基拉斯用沙暴打飞。后来阿柏怪通过地面的震动再次找到了阿隆，双弹瓦斯使用烟幕吸引了阿隆的注意力，喵喵则乘机将阿柏蛇和瓦斯弹从笼子里放了出来。这让阿隆十分恼火，他再次派出了他的沙基拉斯，沙基拉斯进化为班基拉斯并使出了让果然翁来不及用出双倍奉还的破坏光线。武藏和小次郎自知他们打不过班基拉斯，于是两人命令阿柏怪和双弹瓦斯保护阿柏蛇和瓦斯弹离开，而两人和喵喵则用身体挡下了班基拉斯的攻击。,敌对,小次郎,17,阿隆,31
在消失的宝可梦之谜，君莎告诉小智一行人金柑岛内的宝可梦行为变得异常，会攻击自己的主人。但自己的鬼斯没有任何变化，她怀疑是超能力属性宝可梦在作乱。在四人一起发现了在道路上的火箭队后，火箭队原不肯和君莎合作，但为了让自己的宝可梦恢复原状，他们告诉君莎这是亚马多和小三郎的阴谋。火箭队把君莎和小智等人混入装有精灵球的推车内进入电波发射塔来破坏他们的恶行，君莎派出了鬼斯抵挡对方的攻击，在催眠装置破坏之后，鬼斯又与催眠貘进行了战斗，但由于在对战中催眠貘和波克比一起使用了挥指引发了自爆，最终亚马多和小三郎被君莎抓捕归案。,伙伴,君莎,140,小智,143
在VS猫头夜鹰中，阿速先是在观众席上去观看了小茜和小霞的比赛，紧接着就轮到他上场了，阿速派出了猫头夜鹰迎战阿杏的臭臭泥。对战中，阿杏的臭臭泥缩小这一点让阿速很是惊讶，接着阿速由臭臭泥使出的臭泥炸弹判断出阿杏的专长是毒属性。阿速深知如果再被臭臭泥击中，就会输掉比赛，但是他又找不到缩小的臭臭泥的位置，于是阿速决定让猫头夜鹰使用识破找到了臭臭泥，见情形不妙的阿杏收回了臭臭泥，换上了阿利多斯，阿速命令猫头夜鹰抓起了阿利多斯展开空中决斗，但阿利多斯脱离了猫头夜鹰回到地面，还在猫头夜鹰面前织网，趁着阿速分析阿利多斯行为并且阿杏在解释阿利多斯的蛛丝时，阿利多斯再次发动攻击用锐利的攻击丝击败了猫头夜鹰。阿速派,拥有,阿杏,258,阿利多斯,263
打败了。小茂露面告诉小钢等人幕后真凶是曾经和自己交战过四天王之一的菊子，小刚对四天王的真实目的抱有疑惑。小茂觉得小黄在某些方面还是不如小智，于是小黄决定跟着小茂修行，临行前小刚把他的隆隆石交给小黄希望能助她一臂之力。,伙伴,小刚,86,小黄,96
大木奈奈美（日文︰オーキド・ナナミ，英文︰Daisy Oak）是青绿的姊姊，也是大木博士的孙女。,亲戚,大木奈奈美,0,青绿,32
集齐16枚徽章后，每天12:00至15:00之间小刚会出现在地鼠洞穴２号道路入口内，并告诉主角他的宝可齿轮号码。如果在星期六晚上打给他的话，他会前往格斗道场等待再战。得到号码后，每天17:00至20:00之间他还会在地鼠洞穴出现，此时主角可以和他合影。如果于星期一、四、六的这个时间在地鼠洞穴和他对话，他会用学会雷电牙的独角犀牛角儿（暂译，日文︰つのこ，英文︰Hornlette）交换主角的盆才怪。,拥有,小刚,24,独角犀牛角儿,160
在VS大力鳄中，为了从小银的控制中脱身，拉姆达化妆成巴奥巴的样子。而这时巡视的员工正好赶来，伪装的巴奥巴假装跟小银很熟而成功脱了身，而真正的巴奥巴却被绑了起来。,敌对,巴奥巴,26,拉姆达,20
武藏在迷路就走上人生的岔路!?武藏与果然翁!!中被伟特医生救起，并对他产生感情，甚至为此考虑退出火箭队，但最后因为听到小次郎和火箭队的宝可梦们被宝可梦猎人袭击，加上意识到伟特医生心有所属，最后还是回归，借助果然翁和小智一行人的帮助打败了猎人。在迈向明日的三回合劲敌对战!!里，她从翔太笔记本里看到大吾的照片后也对大吾表现出一些痴迷，甚至后来见到他本人时显得很激动。,伙伴,武藏,0,伟特医生,25
小椿（日文︰イブキ，英文︰Clair）是城都地区烟墨市烟墨道馆的道馆馆主。精通龙属性宝可梦，只有在战斗中战胜她的训练家能获得到升龙徽章。她是冠军阿渡的表妹。,亲戚,小椿,0,阿渡,72
性格很活泼。身为一名游泳健将，小霞经常去双子岛修炼。她向往强大的训练家，十分敬仰四天王中的科拿。她是华蓝市唯一能打败２５号道路所有训练家的人。据说小霞对浪漫的海角小屋十分憧憬，喜欢在那里看日落，后来有人见到小霞和她的男友在那里约会。,位于,小霞,15,华蓝市,50
在卡蒂狗和小次郎中，小次郎初次回忆往事。他出生于一个百万富翁的家庭，小次郎的父母想让小次郎成为一位有用的人才，为小次郎请来了23个私人教师教小次郎艺术和礼仪，但小次郎从小最讨厌的就是那种连拿一根汤匙都要注意礼节的上流社会的生活。小卡是小次郎小时候唯一的朋友。日子久了，小次郎便开始厌倦，常常逃课到别处玩。小次郎透露自己曾在某个祭典上想买风铃铃，但因为那时候没有零花钱而没得到，当自己有零花钱时祭典已经结束，小次郎悲伤不已。,伙伴,小次郎,117,小卡,114
在寻找皮卡丘！２０２号道路！中，小次郎将武藏和喵喵带到自己在神奥地区的别墅，并在那里找到了尖牙笼的精灵球。他本想把那里作为他们在神奥的基地，但是却被管家告知他的父母和未婚妻鲁美嘉已经接到消息正在赶来，于是他放弃了这个想法和两个同伴继续尾随小智。,出没,尖牙笼,45,神奥地区,30
赤红跟青绿在帕希欧竞技场观众席观看小结、艾莉丝和阿驯的队伍对战风露、大叶和阿塞萝拉的队伍。,伙伴,阿驯,24,艾莉丝,20
在名侦探君莎，蛋不见了，大搜谜，君莎在小智的蛋被偷后来到宝可梦中心破案，尽管她自称名侦探，但她的破案太过武断而且她的推理没有任何作用。之后她、小智一行人、乔伊遇见得到小智的蛋的袋兽，袋兽把蛋还给了小智，并和小智一起击败了来偷蛋的火箭队。,敌对,小智,103,火箭队,114
赤红没有在正式游戏中登场，但在一个宣传影片中，赤红与叶子进行双打对战，使用吼鲸王和代欧奇希斯（攻击形态），但不敌。,挑战,赤红,23,叶子,26
在小智结束了丰缘联盟彩幽大会的比赛后，火箭队跟随他来到关都的对战开拓区，而小次郎在这其中也来到自己金黄市的别墅，在魔尼尼登场！休息之馆！中将病得很重的风铃铃留在了家中，并且收服了魔尼尼。武藏参加华丽大赛时，他会帮武藏加油，有时候还会应武藏的要求去给她的对手造成一点麻烦。,出没,魔尼尼,89,关都,27
在浅红道馆的忍者决斗中，小智一行人几经周折通过了道馆的陷阱才见到了道馆馆主阿桔。小智向阿桔发起挑战。小智派出的第一只宝可梦，比比鸟被阿桔的刚刚进化的摩鲁蛾击败了。之后小智让小火龙出战，但比赛被火箭队中断。火箭队捕获了道馆中所有的霹雳电球，并企图对道馆中所有的毒属性宝可梦下手。在火箭队被小霞的可达鸭打飞后，阿桔和小智的比赛重新开始。阿桔的大嘴蝠输给了小火龙之后，阿桔授予了小智粉红徽章。,拥有,阿桔,66,摩鲁蛾,74
在VS图图犬中，满金道馆的道馆馆主小茜作为小胡桃主持的广播节目的特邀嘉宾，正在直播接受采访时，阿金突然闯入了录音室。小茜疑惑地询问小胡桃阿金是她的朋友吗，而小胡桃则表示不认识阿金。由于小茜送给小胡桃的图图犬夜袭了阿金，还在阿金脸上画了各种图案，使得阿金和小茜大吵了起来，因为节目直播还在进行，小茜和阿金的吵架声都被播了出去。这时导播本想阻止并训斥小茜和阿金，但是助手表示小茜和阿金的吵架广受好评，听众们希望继续收听。于是，小茜告诉阿金想要和他在节目里一较高下，导演也决定播出2个小时的特别节目：《新人训练家对战道馆馆主小茜》，两人的比赛规则就是宝可梦赛跑战，从满金市出发，穿过自然公园到达３７号道路的,拥有,小胡桃,96,图图犬,100
在火箭队！乱抓，再见了！中，武藏和小次郎、喵喵遇到了宝可梦猎人阿隆和被他偷捕的阿柏蛇和瓦斯弹。阿柏怪看到受伤的同伴感到很伤心，于是武藏决定将阿柏蛇全部接收并善待它们。然而由于实力上的差距，他们被阿隆的沙基拉斯用沙暴打飞。后来阿柏怪通过地面的震动再次找到了阿隆，双弹瓦斯使用烟幕吸引了阿隆的注意力，喵喵则乘机将阿柏蛇和瓦斯弹从笼子里放了出来。这让阿隆十分恼火，他再次派出了他的沙基拉斯，沙基拉斯进化为班基拉斯并使出了让果然翁来不及用出双倍奉还的破坏光线。武藏和小次郎自知他们打不过班基拉斯，于是两人命令阿柏怪和双弹瓦斯保护阿柏蛇和瓦斯弹离开，而两人和喵喵则用身体挡下了班基拉斯的攻击。,敌对,喵喵,21,沙基拉斯,187
娜姿和马志士、阿桔一同出现在苏芳岛，并与夏伯、小茂、小蓝、小黄和正辉合作打倒四天王。由于对方有四个人，而且他们都不确定对方会否中途离开，所以娜姿就用胡地的超能力“命运的汤匙”把8人分成4组，每组负责打倒一个四天王。娜姿和小蓝被选为同组，对上了科拿，左手被科拿的冰手铐冻伤。,来自,阿桔,7,苏芳岛,14
莉佳出现在莉佳和臭臭花，经营玉虹市的香水店。说话很有礼貌，但是听不得侮辱店里香水的语句。之前小智正是因为说出这种话而被她赶出店，并且不允许他挑战道馆。武藏和小次郎想潜入道馆偷香水卖钱却被赶出来，遇到小智，他们就设法进入道馆。不得已小智男扮女装混了进来，却被皮卡丘察觉。莉佳答应和他比赛，而比赛中她显得自信满满，直到小智派出她最不擅长应付的火属性的小火龙。可是火箭队打断了比赛并且制造了火灾。小智奋不顾身救下莉佳最喜欢的、曾经帮助过她的臭臭花。莉佳出于感激而将徽章交给小智。,拥有,莉佳,203,臭臭花,217
在漩涡岛，新的挑战！中，空木博士和海德分别派出了太阳珊瑚和毒刺水母去解救将被卷进漩涡的小智一行人，之后他们乘船来到了青岩岛。在宝可梦中心，他向一行人介绍了漩涡岛和岛上比赛的情况。之后他指挥太阳珊瑚战胜了火箭队。,伙伴,海德,17,空木博士,12
小刚是小智挑战的第一位道馆馆主，他十分的强大但不懂得变通，训练学生的方式也十分严厉导致很多学生都离开了深灰道馆，只剩下露营少年一人了。在深灰市中，小刚接受了小智的挑战，小智派出火属性的小火龙与小刚的大岩蛇对战，这让小刚感到吃惊，小刚表示他就算面对小孩子也不会防水的。最后，小智的小火龙发现了小刚大岩蛇的弱点，打败了小刚，小刚给予了小智灰色徽章。,位于,小刚,73,深灰市,68
在赤红中，小刚与赤红相遇，在赤红还没进入深灰市时在属性相性方面指导了赤红。之后在深灰道馆被赤红打败，给出了灰色徽章。,挑战,赤红,45,小刚,5
在火箭队！乱抓，再见了！中，武藏和小次郎、喵喵遇到了宝可梦猎人阿隆和被他偷捕的阿柏蛇和瓦斯弹。阿柏怪看到受伤的同伴感到很伤心，于是武藏决定将阿柏蛇全部接收并善待它们。然而由于实力上的差距，他们被阿隆的沙基拉斯用沙暴打飞。后来阿柏怪通过地面的震动再次找到了阿隆，双弹瓦斯使用烟幕吸引了阿隆的注意力，喵喵则乘机将阿柏蛇和瓦斯弹从笼子里放了出来。这让阿隆十分恼火，他再次派出了他的沙基拉斯，沙基拉斯进化为班基拉斯并使出了让果然翁来不及用出双倍奉还的破坏光线。武藏和小次郎自知他们打不过班基拉斯，于是两人命令阿柏怪和双弹瓦斯保护阿柏蛇和瓦斯弹离开，而两人和喵喵则用身体挡下了班基拉斯的攻击。,拥有,武藏,14,果然翁,208
阿桔曾是火箭队三干部之一，曾是浅红市道馆馆主。 阿桔曾经前往双子岛捕捉急冻鸟，并在几番波折之后成功。 苏芳岛决战之后被希巴所救。 和小茂有很深的羁绊。 假面男被打败之后，阿桔和曾经都是邪恶组织成员的希巴、一树以及梨花结为同盟。后来他们以城都新四天王的身份在心金·魂银篇登场。,伙伴,阿桔,85,一树,102
都四天王。 在金银篇与阿桔一起登场，并为小智和小茂指引往栎树林与小蓝会合。假面男被打败之后，和阿桔、一树以及梨花结为同盟。后来他们以城都新四天王的身份在心金·魂银篇登场。,伙伴,小智,20,小茂,23
收服１０号道路的闪电鸟后，每天9:00至11:00之间马志士会在此处关都发电厂门外出现。如果主角队首为皮卡丘的话，他会很高兴地告诉主角他的宝可齿轮号码。如果在星期五早晨打给他的话，他会前往格斗道场等待再战。得到号码后，他会在金黄市的磁浮列车车站出现，用美国（英文版中是法国）的皮卡丘伏蒂（暂译，日文︰VOLTY，英文︰Volty）交换主角的皮卡丘。得到号码后，星期五、六时他也会出现在３９号道路的哞哞牧场，此时可以和他合影。,位于,马志士,27,金黄市,112
小霞跟黑连和可尔妮组成队伍，他们跟阿渡、大吾、竹兰的队伍进行对战。,伙伴,阿渡,17,大吾,20
在南瓜怪人变装庆典！再见了，南瓜精!?中，武藏受到南瓜伯爵的邀请来到城堡，因为南瓜伯爵的南瓜精王子看上了武藏的南瓜精，武藏回想起和南瓜精的种种回忆并且生病时也是南瓜精照顾自己的，而心生犹豫，但在得知南瓜伯爵要交换的大嘴娃是可以超级进化的宝可梦就果断答应了，这伤害到了南瓜精的心。不过，交换过后南瓜精进化成了南瓜怪人，南瓜精王子也不喜欢南瓜怪人所以又和武藏换了回来，武藏和南瓜怪人也重归于好，即便之后被打飞了武藏也为和南瓜怪人的羁绊感到开心。,拥有,武藏,52,南瓜精,55
与其他地区不同，阿罗拉地区一座岛屿就只有一名君莎小姐，她们的伙伴宝可梦也并不相同。 美乐美乐岛的君莎小姐在霸主宝可梦是猫鼬探长！中首次登场，她正在因为阿罗拉的样子的拉达和小拉达破坏田地而烦恼。它们在逃跑时冲到了路上撞翻了一辆装载木头的车，引发了交通堵塞。最终在哈拉和铁掌力士的帮助下才堆好了木头，疏通了交通。当小智完成霸主宝可梦猫鼬探长的考验后，她带着猫鼬探长和猫鼬少来到一个拉达和小拉达泛滥的仓库，赶跑了它们。在结尾，君莎与猫鼬探长成为了同伴。,友好,猫鼬少,181,猫鼬探长,176
在名侦探君莎，蛋不见了，大搜谜，君莎在小智的蛋被偷后来到宝可梦中心破案，尽管她自称名侦探，但她的破案太过武断而且她的推理没有任何作用。之后她、小智一行人、乔伊遇见得到小智的蛋的袋兽，袋兽把蛋还给了小智，并和小智一起击败了来偷蛋的火箭队。,伙伴,小智,19,君莎,16
在断裂的树枝、挫败的心！长尾火狐的强烈意念!!当中，小次郎因为莎莉娜的长尾火狐尾巴上的树枝折断而再次回忆起童年的往事。他曾经收集了很多心爱的瓶盖，却被母亲当做废品丢掉，这让他很伤心，因为在他眼里每个徽章都是包含着回忆不可替代的，说他才会对莎莉娜想要让长尾火狐替换掉树枝的事情感到不快。为了让莎莉娜体会到长尾火狐的心情，小次郎假扮成小执郎前去暗示莎莉娜长尾火狐的心情。之后，小次郎也和莎莉娜以及长尾火狐一起前往乔伊小姐推荐的树木医院里的树木医生甚五郎。到了医院之后，小次郎也因为共鸣拼命地帮长尾火狐请求甚五郎一定要修好树枝。为了看出长尾火狐的决心，甚五郎提出宝可梦对战后，小次郎也到了一旁。在对战中，小,拥有,莎莉娜,31,长尾火狐,35
阿速想要尽可能地接近飞行宝可梦，因此经常用滑翔机飞来飞去。在桔梗道馆，空中大战中，小智的皮卡丘被火箭队抢走时，阿速用大比鸟救回了它。他的咕咕经常会停在他的肩部。,拥有,小智,41,皮卡丘,44
在VS向日种子中，阿速在再次登场，当天没有值班的阿速在训练宝可梦时阿金再次相遇，由于阿速没有穿警服，所以阿金一开始还没认出来阿速。阿金以为警察也现在要去训练宝可梦了，但阿速解释到，原桔梗道馆的道馆馆主的父亲离开不知去向后，道馆馆主的位置就一直空着没人，自己想要继承父亲的意愿，守护这间道馆，所以才训练宝可梦，才能通过宝可梦协会的上任考试。其实阿速在这里，是因为听闻最近有宝可梦在这附近撒野，所以才来看看，趁着阿金思考的间隙那只撒野的宝可梦盔甲鸟袭了过来，阿速及时让阿金扑倒，躲过了攻击。阿速发现周围有向日种子想要逃离盔甲鸟的追击，连忙派出了猫头夜鹰和比比鸟同盔甲鸟周旋，虽然阿金眼里看到阿速的宝可梦压,拥有,阿速,243,比比鸟,275
在消失的宝可梦之谜，君莎告诉小智一行人金柑岛内的宝可梦行为变得异常，会攻击自己的主人。但自己的鬼斯没有任何变化，她怀疑是超能力属性宝可梦在作乱。在四人一起发现了在道路上的火箭队后，火箭队原不肯和君莎合作，但为了让自己的宝可梦恢复原状，他们告诉君莎这是亚马多和小三郎的阴谋。火箭队把君莎和小智等人混入装有精灵球的推车内进入电波发射塔来破坏他们的恶行，君莎派出了鬼斯抵挡对方的攻击，在催眠装置破坏之后，鬼斯又与催眠貘进行了战斗，但由于在对战中催眠貘和波克比一起使用了挥指引发了自爆，最终亚马多和小三郎被君莎抓捕归案。,敌对,鬼斯,199,波克比,223
在VS腕力中，小刚联络上了夏伯，告诉他和小黄自己在月见山后发现了破碎的小智冰雕，这就是小智曾经在这里的证据。并且小刚听说过小智和小茂在西尔佛公司也曾被冰冻过，不过目前看来小智应该是已经顺利逃脱了。这是，小霞联络夏伯告诉他深灰市遭到格斗属性的宝可梦进攻了，并且自己所在的华蓝市和莉佳所在的玉虹市也都遭到了幽灵属性和冰属性的宝可梦攻击，此时联络的信号已经断了，小刚听到消息立刻和小拳石一起赶回深灰市。在VS墨海马中，小刚继续在对抗入侵城市的宝可梦们。,伙伴,小霞,101,夏伯,105
在火箭队！乱抓，再见了！中，武藏和小次郎、喵喵遇到了宝可梦猎人阿隆和被他偷捕的阿柏蛇和瓦斯弹。阿柏怪看到受伤的同伴感到很伤心，于是武藏决定将阿柏蛇全部接收并善待它们。然而由于实力上的差距，他们被阿隆的沙基拉斯用沙暴打飞。后来阿柏怪通过地面的震动再次找到了阿隆，双弹瓦斯使用烟幕吸引了阿隆的注意力，喵喵则乘机将阿柏蛇和瓦斯弹从笼子里放了出来。这让阿隆十分恼火，他再次派出了他的沙基拉斯，沙基拉斯进化为班基拉斯并使出了让果然翁来不及用出双倍奉还的破坏光线。武藏和小次郎自知他们打不过班基拉斯，于是两人命令阿柏怪和双弹瓦斯保护阿柏蛇和瓦斯弹离开，而两人和喵喵则用身体挡下了班基拉斯的攻击。,敌对,阿隆,31,小次郎,17
在VS腕力中，小刚联络上了夏伯，告诉他和小黄自己在月见山后发现了破碎的小智冰雕，这就是小智曾经在这里的证据。并且小刚听说过小智和小茂在西尔佛公司也曾被冰冻过，不过目前看来小智应该是已经顺利逃脱了。这是，小霞联络夏伯告诉他深灰市遭到格斗属性的宝可梦进攻了，并且自己所在的华蓝市和莉佳所在的玉虹市也都遭到了幽灵属性和冰属性的宝可梦攻击，此时联络的信号已经断了，小刚听到消息立刻和小拳石一起赶回深灰市。在VS墨海马中，小刚继续在对抗入侵城市的宝可梦们。,位于,小智,35,月见山,25
但没有沮丧，反而更加有精神，因为他想挑战各地道馆馆主都没能捕获的水君。阿速想到了捕捉方法，他让盔甲鸟使出了钢翼让翅膀变得锋利，来将水君劈成两半，但是盔甲鸟不敌水君，盔甲鸟的翅膀还没切开水君头上的水晶就裂开了。阿速只好另换对策，他自我旋转，边旋转边投掷精灵球，把水君也弄得头晕目眩去，但阿速并不是乱投的，精灵球上都有回力镖，眼看精灵球都飞到了水君身边，但炎帝雷公使出招式毁掉了精灵球，阿速再次失败，之后炎帝雷公和水君纷纷离去。这时，由于盔甲鸟翅膀毁坏失去平衡开始下坠，水君的泡泡救下了阿速。阿速自知实力不够，即便炎帝雷公没有出手，自己可能也无法战胜水君。这时，阿速对偷猎者亮出了警察证，并告诉他自己是桔,友好,炎帝,176,雷公,178
对抗赛。而一旁的莉佳提醒小刚看瀑布上的影子，瀑布里小霞似乎在和什么东西战斗。许久，小霞从瀑布中脱身和小刚以及莉佳会合，小刚上前关心并询问小霞怎么了，因为小霞心情看起来变好了些许，小刚当心小霞是不是被打傻了，但小霞告诉莉佳和小刚她觉得还是有人需要自己的，小刚满脸问号。而此时，莉佳顺着话告诉了小霞宝可梦协会将要举办关都和城都的道馆馆主的对战赛，充满干劲的小霞催着小刚和莉佳赶路并站在小刚到大岩蛇头上喊出向前的口号。,伙伴,小刚,59,小霞,68
希巴挑战小智，并与其势均力敌，击败了小智的蚊香泳士同时令皮卡丘和暴鲤龙负伤。其后，希巴的同伴菊子和科拿现身，并自称他们为关都四天王和说出他们的目的是要把人类消灭，而只留下宝可梦和优秀的精英训练员，之后更邀请小智加入他们，但小智拒绝了而被科拿冰封了起来。 之后命令飞腿郎攻击正辉家里的宝可梦寄放系统（后期证实是被菊子操控了心智），并与小蓝的小龟对峙。 旗下的腕力军团被指派到深灰市偷取深灰道馆馆主小刚所持有的徽章。 在苏芳岛决战中在野生大岩蛇上迎战马志士和正辉（原本应是小智）的组合，并一度占尽上风。在小智现身后，进一步解放怪力的力量与小智对决，落败后转身离开，途中救了差点掉进毒潭的阿桔，之后退出了关,拥有,小智,18,皮卡丘,28
在寻找皮卡丘！２０２号道路！中，小次郎将武藏和喵喵带到自己在神奥地区的别墅，并在那里找到了尖牙笼的精灵球。他本想把那里作为他们在神奥的基地，但是却被管家告知他的父母和未婚妻鲁美嘉已经接到消息正在赶来，于是他放弃了这个想法和两个同伴继续尾随小智。,拥有,小次郎,16,尖牙笼,45
在VS飞天螳螂中，阿笔在休息室和钢铁先生表示感谢，阿笔和千惠一起听了钢铁对带球捕获网的讲解，从休息室出来后阿笔就遇到了自己的对手娜姿，跟娜姿打了招呼。接着在马志士和松叶的对战落下帷幕后，阿笔和娜姿走上赛场，阿笔先是派出飞天螳螂用连斩打了娜姿的魔墙人偶个措手不及，紧接着阿笔又换上赫拉克罗斯用超级角击将魔墙人偶打飞，但却不料想阿笔和赫拉克罗斯都进了娜姿的圈套，被关在了一间看不见的房子里，阿笔这才意识到魔墙人偶假装被飞天螳螂和赫拉克罗斯达到其实是趁机在建造者所房子，本想让赫拉克罗斯用猛撞给透明房子开个洞，但却因为对面的魔墙人偶使用了再来一次而无法成功使出招式。最后，阿笔输掉了比赛。,拥有,阿笔,103,飞天螳螂,109
武藏（日文︰ムサシ，英文︰Jessie）是火箭队的一员，她是三人组的领导者。她和她的同伙小次郎、喵喵总是跟着小智一行人，企图抢走小智的皮卡丘，但从没成功过。在宝可梦 太阳＆月亮的阿罗拉联盟的宣传影片中，她被称为战场的女演员（暂译，日文︰戦場のアクトレス）。,敌对,小智,54,武藏,0
在传达吧波导！小智跟不可思议的蛋!!中，空木博士出现在樱木研究所的屏幕上，樱木博士小智和小豪介绍了空木博士关于宝可梦的蛋的研究成果。,伙伴,小豪,44,小智,41
充满危险！小次郎的藏宝箱!!中，因为猛火猴挖到了小次郎小时候埋下的宝箱，那里面藏有他小时候写给鲁美嘉的情书，小次郎害怕鲁美嘉拿这个要挟他结婚，所以他想尽办法想夺回宝箱，后来他的管家又叫来了鲁美嘉，走投无路的情况下小次郎要求小智让皮卡丘用十万伏特将他和武藏、喵喵打飞，小智同意了，但是在他们被打飞时，鲁美嘉却冲了过去，和小次郎还有喵喵一起飞上天空，把他吓得魂飞魄散。,敌对,皮卡丘,114,喵喵,128
空木博士出现在若叶镇，吹起开启之风的城镇，当天乔伊要为送给新人训练家的小锯鳄检查身体，他细心地在用显微镜看细胞时，把进入研究所的火箭队当作乔伊，而小锯鳄咬着武藏的头发不放。过后，他寻求了君莎的帮助。在小智一行人遇见了空木博士时，他为小刚介绍了他所研究的宝可梦理论。,伙伴,君莎,93,小智,100
在四天王科拿，冰之战斗中小智一行人在小橘子岛上听说科拿要举行一次演讲，小霞作为科拿的崇拜者十分激动，并且尊称她为“科拿大人”。而小智也十分高兴地向科拿发起挑战，但似乎被科拿忽视了。不久小智的喷火龙和其他训练家对战时失控，科拿派出呆壳兽轻松制服它，随后科拿告诉小智他的培育还不够，训练家要根据宝可梦做出行动，并邀请小智一行人参加她的演讲以及观摩她的宝可梦示范战。事后，小智坚持要和科拿比赛，科拿接受了挑战并毫无悬念地赢得了比赛，随后科拿告诉小智要让宝可梦和训练家的心联系在一起。,拥有,科拿,110,呆壳兽,114
在愤怒之湖中，阿响和阿渡潜入火箭队基地，探究导致红色暴鲤龙出现的奇怪电波。他和阿渡通过宝可齿轮来联络。,位于,阿渡,10,愤怒之湖,1
赤红是来自真新镇的一位有好奇心的少年。在对宝可梦产生兴趣之前，赤红和青绿是儿时玩伴，但长大后青绿的性格变得有些强势。在冒险的第一天，赤红会去大木研究所选择最初的伙伴。之后在常青市赤红会收到友好商店店员托付的包裹，让他转交给大木博士，送到后博士会将里面的宝可梦图鉴托付给赤红和青绿，并希望他们能捉到所有种类的宝可梦，实现完成宝可梦图鉴的梦想。,来自,赤红,0,真新镇,5
在四天王之战后，娜姿前往白银山的特别温泉治疗，碰到了同样前来疗伤的小智，期间问起小智他的伊布的情况，在疗伤完毕离开时，她将指引未来的念力汤匙交给了小智。后在关都城都道馆馆主对战中，娜姿派出魔墙人偶以压倒性的实力战胜了阿笔。,拥有,娜姿,90,魔墙人偶,94
青绿是一个自傲的男孩，自认是世界第一的宝可梦训练家。青绿似乎并不是很喜欢他的爷爷大木博士。,亲戚,青绿,26,大木博士,40
在VS镰刀盔中，小茜观看了小刚和阿蜜的对战赛。接着，在VS猫头夜鹰中，小茜和小霞的对战就开始了，大奶罐的滚被小霞的宝石海星轻松躲开了，接着小霞的宝石海星又用高速旋转命中大奶罐，最后用一发破坏光线直接带走了小茜大奶罐，赢得了比赛的胜利。,挑战,小刚,13,阿蜜,16
赤红跟青绿在帕希欧竞技场观众席观看小结、艾莉丝和阿驯的队伍对战风露、大叶和阿塞萝拉的队伍。,伙伴,风露,31,阿塞萝拉,37
在VS派拉斯中，小刚和小霞、夏伯以及莉佳帮助被理科男困住的小黄，但理科男却丝毫不畏惧地对小刚等人进行攻击，不过小智的皮卡和小黄的嘟嘟和小拉达联手操控混凝土打败了理科男，小刚和小霞堵住了想要逃跑的理科男的退路。但理科男依旧没放弃挣脱，让卡拉卡拉丢出带有毒粉的骨头回力镖想要带走四位道馆馆主，好在皮卡丘和小拉达配合才将其彻底击垮。接着，小刚与众人探测到了小智气息的所在地就是玉虹市北边的月见山。这时，菊子操控鬼斯想要带走理科男，小刚和众人一样派出了宝可梦想要阻止，不过都没起效，这时小黄醒来派出皮卡留住了理科男，但是不死心菊子又趁着小刚等人和小黄交流时再次想要掳走理科男，不过被赶到的小茂拦下了，鬼斯也被,拥有,小黄,61,嘟嘟,64
在小智结束了丰缘联盟彩幽大会的比赛后，火箭队跟随他来到关都的对战开拓区，而小次郎在这其中也来到自己金黄市的别墅，在魔尼尼登场！休息之馆！中将病得很重的风铃铃留在了家中，并且收服了魔尼尼。武藏参加华丽大赛时，他会帮武藏加油，有时候还会应武藏的要求去给她的对手造成一点麻烦。,拥有,小次郎,37,魔尼尼,89
在不要哭，好坏星！中，小次郎遇到了好坏星的初恋对象兼前辈——一只紫色触手的好坏星。这只好坏星因为误会小次郎欺骗了它的“爱哭鬼”后辈而愤怒地攻击他，甚至进化成超坏星使他中了剧毒，直到第二天才解毒。在被穿着熊救回基地后，小次郎因为希望好坏星获得幸福，告诉武藏和喵喵他决定放生好坏星，这让好坏星心绪不宁而离家出走。第二天，在好坏星被一只毒刺水母袭击时，小次郎及时赶到救了它，试图将它推到超坏星前辈那里，并狠心地说了一些话想让它离开，好坏星为此而哭泣，这让超坏星十分不满，要求和小次郎决斗。小次郎答应了它的请求，甚至在对战中依靠自己的毅力解毒，最终他们打得精疲力尽躺倒在沙滩上并成为了朋友，而此时小次郎也明白,敌对,毒刺水母,165,好坏星,159
在最终决战XIII中，巴奥巴和他的员工们也一起把宝可梦通过宝可梦寄放系统传送到桧皮镇的宝可梦中心来帮助图鉴持有人们战胜假面男。,来自,假面男,59,桧皮镇,39
赤红跟青绿在帕希欧竞技场观众席观看小结、艾莉丝和阿驯的队伍对战风露、大叶和阿塞萝拉的队伍。,伙伴,大叶,34,风露,31
在四天王科拿，冰之战斗中小智一行人在小橘子岛上听说科拿要举行一次演讲，小霞作为科拿的崇拜者十分激动，并且尊称她为“科拿大人”。而小智也十分高兴地向科拿发起挑战，但似乎被科拿忽视了。不久小智的喷火龙和其他训练家对战时失控，科拿派出呆壳兽轻松制服它，随后科拿告诉小智他的培育还不够，训练家要根据宝可梦做出行动，并邀请小智一行人参加她的演讲以及观摩她的宝可梦示范战。事后，小智坚持要和科拿比赛，科拿接受了挑战并毫无悬念地赢得了比赛，随后科拿告诉小智要让宝可梦和训练家的心联系在一起。,挑战,小智,64,科拿,73
赤红在冒险里展开了旅程，并捕捉了皮卡丘。之后他的皮卡丘就一直跟在他身边。,拥有,赤红,0,皮卡丘,16
成为著名女演员的娜姿和她的胡地在宝可梦好莱坞再次出现。在VS秃鹰丫头 电影大惊奇中，训练家学校的女学生们正在宝可梦好莱坞挑选电影。当白慈正在推辞的时候，在一旁出现的娜姿认为白慈的心中有点迷茫，主动提出帮她做决定。娜姿的胡地攥住白慈的手腕，并把一把命运的折弯汤匙塞进她的手中。白慈还来不及拒绝，命运的折弯汤匙就开始摆动，然后朝着剧目表的方向折弯，指向了哈奇酷侠这部作品。娜姿表示这部作品一定会为她指出方向。,拥有,娜姿,106,胡地,109
武藏在迷路就走上人生的岔路!?武藏与果然翁!!中被伟特医生救起，并对他产生感情，甚至为此考虑退出火箭队，但最后因为听到小次郎和火箭队的宝可梦们被宝可梦猎人袭击，加上意识到伟特医生心有所属，最后还是回归，借助果然翁和小智一行人的帮助打败了猎人。在迈向明日的三回合劲敌对战!!里，她从翔太笔记本里看到大吾的照片后也对大吾表现出一些痴迷，甚至后来见到他本人时显得很激动。,敌对,宝可梦猎人,72,武藏,0
了好坏星和超坏星的心意，决定好好照顾好坏星。最后，毒刺水母再次准备袭击好坏星和超坏星时，小次郎上前和它搏斗并将它甩飞，这让超坏星也迷上了他。在末尾宝可问答的花絮里显示，小次郎让超坏星回到大海而未收服，武藏说这也算好事，因为要是好坏星和超坏星一起用毒刺扎他的话，他的身体会受不了的。,出没,超坏星,88,大海,93
空木博士是大木博士的晚辈。他的研究课题是“宝可梦培育与宝可梦的蛋”，皮卡丘居然有进化前形态也是他第一个发现的，蛋群也是他研究出的。此外也研究宝可梦的特性和进化，大木博士曾称赞空木博士是宝可梦进化的顶尖研究人士。最近也有研究带在身边走的宝可梦。空木博士的研究所旁就是他的家，他的妻子和孩子一起住在那，他的孩子长大后想像他的父亲一样成为宝可梦博士。,伙伴,大木博士,80,空木博士,87
小刚是小智挑战的第一位道馆馆主，他十分的强大但不懂得变通，训练学生的方式也十分严厉导致很多学生都离开了深灰道馆，只剩下露营少年一人了。在深灰市中，小刚接受了小智的挑战，小智派出火属性的小火龙与小刚的大岩蛇对战，这让小刚感到吃惊，小刚表示他就算面对小孩子也不会防水的。最后，小智的小火龙发现了小刚大岩蛇的弱点，打败了小刚，小刚给予了小智灰色徽章。,挑战,小智,165,小刚,160
在四天王之战后，娜姿前往白银山的特别温泉治疗，碰到了同样前来疗伤的小智，期间问起小智他的伊布的情况，在疗伤完毕离开时，她将指引未来的念力汤匙交给了小智。后在关都城都道馆馆主对战中，娜姿派出魔墙人偶以压倒性的实力战胜了阿笔。,位于,娜姿,8,白银山,12
在大奶罐，复仇之战中，小智等人一整天都帮忙照顾牧场的大奶罐。在打败来牧场行窃的火箭队的桶状的机器人之后，小智灵光一闪想到了打败小茜的大奶罐的对策，于是再次向小茜提出对战请求，他先后使用小锯鳄和火球鼠降低大奶罐的速度，最终用皮卡丘成功击败了大奶罐。虽然这场对战是在道馆外进行的，但小茜依然承认了自己的败北，赠与小智标准徽章。,拥有,小智,52,火球鼠,96
武藏在迷路就走上人生的岔路!?武藏与果然翁!!中被伟特医生救起，并对他产生感情，甚至为此考虑退出火箭队，但最后因为听到小次郎和火箭队的宝可梦们被宝可梦猎人袭击，加上意识到伟特医生心有所属，最后还是回归，借助果然翁和小智一行人的帮助打败了猎人。在迈向明日的三回合劲敌对战!!里，她从翔太笔记本里看到大吾的照片后也对大吾表现出一些痴迷，甚至后来见到他本人时显得很激动。,敌对,武藏,0,宝可梦猎人,72
在谢谢你索尔迦雷欧！我们的小星云!!中，她参加了库库伊博士和芭内特博士的婚礼。,亲戚,芭内特博士,30,库库伊博士,24
来到森林时，他们与莉佳、大姐姐和迷你裙的队伍进行对战并获胜，得到了稳重徽章。莉佳后来也加入他们的队伍。,伙伴,莉佳,9,大姐姐,12
在浅红市中，小智来到浅红市误以为长得很像呆呆兽的园长和正辉一样，是和宝可梦合体了，以为才知道，原来园长原来就长得是这般模样。员工还告诉小智，园长的金假牙掉了，这之后小智在狩猎地带里找到了金假牙还给了园长。原来是阿桔偷走了园长的假牙，园长告诉小智阿桔是个比谁都爱自然的人，因为园长把原先的忍者村改建成狩猎地带，所有原本的宝可梦没有了去处。这之后，巴奥巴表示会听取阿桔的意见，把原先的宝可梦也放进去，这种友谊让小智联想到了小茂。,伙伴,小智,203,小茂,209
当空木博士拜托他去住在吉花市北边的宝可梦爷爷那里跑一趟时，阿响的旅程开始了。考虑到他可能会在路上遇到危险的野生宝可梦，空木博士还送给了他一只最初的伙伴来防身。临走时，阿响看到一个和他同岁的奇怪男孩正在空木博士研究所外偷窥。当他想要跟他说话时，男孩粗鲁地推开了他。在宝可梦爷爷的家里他还遇到了大木博士。大木博士看出阿响与宝可梦之间的牵绊，交给了他宝可梦图鉴。在回家的路上，阿响遇到了偷走空木博士的宝可梦的小银。在战斗中击败他后，阿响得知了他的名字并告诉若叶镇的警察。空木博士鼓励他去挑战石英高原。,伙伴,空木博士,59,阿响,83
在VS派拉斯中，小刚和小霞、夏伯以及莉佳帮助被理科男困住的小黄，但理科男却丝毫不畏惧地对小刚等人进行攻击，不过小智的皮卡和小黄的嘟嘟和小拉达联手操控混凝土打败了理科男，小刚和小霞堵住了想要逃跑的理科男的退路。但理科男依旧没放弃挣脱，让卡拉卡拉丢出带有毒粉的骨头回力镖想要带走四位道馆馆主，好在皮卡丘和小拉达配合才将其彻底击垮。接着，小刚与众人探测到了小智气息的所在地就是玉虹市北边的月见山。这时，菊子操控鬼斯想要带走理科男，小刚和众人一样派出了宝可梦想要阻止，不过都没起效，这时小黄醒来派出皮卡留住了理科男，但是不死心菊子又趁着小刚等人和小黄交流时再次想要掳走理科男，不过被赶到的小茂拦下了，鬼斯也被,拥有,菊子,198,鬼斯,202
在金黄市将火箭队从西尔佛公司赶走之后，门外右边会出现一位君莎小姐，对话后获得警察套装。,位于,君莎小姐,28,金黄市,1
在新的大地！新的冒险!!中，小次郎和武藏、喵喵为了捕捉皮卡丘而来到了丰缘地区。在古代宝可梦与神秘军团！，他们与坂木取得了联络，在得到了坂木让他们在丰缘地区树立起火箭队名声的任务后，他们便开始期盼成为火箭队丰缘地区的分部长。,出没,皮卡丘,27,丰缘地区,34
小霞跟黑连和可尔妮组成队伍，他们跟阿渡、大吾、竹兰的队伍进行对战。,伙伴,小霞,0,黑连,3
亚希达先生与对战开拓区！中，丰缘联盟结束后，小智在回真新镇的途中路过常青市，他发现道馆已经整修完毕，于是一时兴起便想再次挑战常青道馆，结果发现道馆馆主暂时由菊子接任。战斗采1对1，小智使用皮卡丘，菊子则使用耿鬼，耿鬼在使出催眠术之后接著使用食梦便结束了这场比赛，由菊子取得胜利。虽然小智战败，但他的实力仍得到菊子的肯定。菊子表示，在找到下一任常青市道馆馆主之前暂时由她担任道馆馆主的职位。之后火箭队三人组突然出现抢夺皮卡丘，菊子出手帮助，并使用大嘴蝠与皮卡丘合力打跑火箭队。,拥有,小智,90,皮卡丘,94
《Ｘ／Ｙ》中的这位妈妈是卡鲁穆或是莎莉娜的母亲，名叫萨琪（日文︰サキ，英文︰Grace）。,亲戚,卡鲁穆,12,萨琪,26
在消失的宝可梦之谜，君莎告诉小智一行人金柑岛内的宝可梦行为变得异常，会攻击自己的主人。但自己的鬼斯没有任何变化，她怀疑是超能力属性宝可梦在作乱。在四人一起发现了在道路上的火箭队后，火箭队原不肯和君莎合作，但为了让自己的宝可梦恢复原状，他们告诉君莎这是亚马多和小三郎的阴谋。火箭队把君莎和小智等人混入装有精灵球的推车内进入电波发射塔来破坏他们的恶行，君莎派出了鬼斯抵挡对方的攻击，在催眠装置破坏之后，鬼斯又与催眠貘进行了战斗，但由于在对战中催眠貘和波克比一起使用了挥指引发了自爆，最终亚马多和小三郎被君莎抓捕归案。,伙伴,小三郎,129,亚马多,125
赤红就此展开旅程，不断挑战道馆馆主获得徽章。在旅程中，赤红还会遇到以盗取他人宝可梦为目的的邪恶组织火箭队。在月见山，赤红会遇到以偷取化石为目的火箭队手下。打败他们后来到华蓝市，可以从警察那里得知出现了小偷把居民的家打了一个大洞，赤红调查后发现这也是火箭队做下的勾当。途径海角小屋的赤红会遇到不小心把自己变成宝可梦的正辉，在帮他恢复原样后，正辉会赠送赤红船票表示感谢。接到船票的赤红可以从枯叶港登上圣特安努号。,敌对,赤红,58,火箭队,71
火箭队也看上了无畏小子，打算拉他入伙，不料却被其打飞。之后小智与信彦前往无畏小子常来的地方，信彦与无畏小子进行了对战，结果信彦的快拳郎和飞腿郎都被它击败。信彦被打败后，火箭队绑走了无畏小子。但是信彦徒步追上了火箭队的气球并徒手打破了气球，气球撞击山体导致巨石崩塌，他为了让无畏小子再次相信人类，使出全力帮它挡住巨石。在打败了火箭队后，信彦亲自上场与无畏小子进行格斗，大胜无畏小子。最后，信彦收复了无畏小子，并把自己手臂上的红色围巾给无畏小子戴上，换下了原本破烂的蓝色围巾。同时他也收复了猴怪和火暴猴。,拥有,信彦,61,快拳郎,64
获得16枚徽章后，星期二夏伯会在红莲镇出现，他会告诉主角他的宝可齿轮号码。如果在星期二白天打电话给他的话，他会前往格斗道场等待再战。得到号码后，星期四可以在红莲镇和他合影。,位于,夏伯,12,红莲镇,16
赶走呆呆兽之井的火箭队后，走到桧皮镇左边路口时他会出现，挑战主角。在烧焦塔内也会遇到他。主角到浅葱市时能看见他从道馆出来，并说“那个柔弱的道馆馆主”不在。湛蓝市的诚儿对主角说有个“和你差不多大、头发有点长、眼神犀利的人”抢走他一只心爱的宝可梦，即小银，这只宝可梦就是他队伍中的狃拉。,来自,诚儿,81,湛蓝市,77
在卡拉卡拉中，在枯叶道馆里马志士用雷丘和赤红进行道馆赛并最终被打败了，最后将橙色徽章交给了赤红。战斗的过程并没有展示出来。,拥有,马志士,13,雷丘,17
在VS腕力中，小刚联络上了夏伯，告诉他和小黄自己在月见山后发现了破碎的小智冰雕，这就是小智曾经在这里的证据。并且小刚听说过小智和小茂在西尔佛公司也曾被冰冻过，不过目前看来小智应该是已经顺利逃脱了。这是，小霞联络夏伯告诉他深灰市遭到格斗属性的宝可梦进攻了，并且自己所在的华蓝市和莉佳所在的玉虹市也都遭到了幽灵属性和冰属性的宝可梦攻击，此时联络的信号已经断了，小刚听到消息立刻和小拳石一起赶回深灰市。在VS墨海马中，小刚继续在对抗入侵城市的宝可梦们。,伙伴,小刚,7,夏伯,13
《钻石／珍珠／白金》中的这位妈妈是光辉或是小光的母亲，名字叫彩子（日文︰アヤコ，英文︰Johanna）。,亲戚,彩子,30,小光,21
莉佳在坂木与赤红进行了道馆战，被击败后送出了彩虹徽章。,挑战,赤红,6,莉佳,0
获得16枚徽章后，星期六、日15:00-17:00，莉佳会在玉虹市的喷泉处与阿蜜谈话，阿蜜对于自己过于普通不出色这件事感到有些苦恼，结果被莉佳诱导她批评小椿的服装。同时她也会告诉主角她的宝可齿轮号码。如果在星期日早晨打电话给她的话，她会前往格斗道场等待再战。得到号码后，星期一可以在玉虹市和她合影。,位于,莉佳,26,玉虹市,30
在GOTCHA!中，持有大竺葵、火暴兽及大力鳄的小银与琴音相遇。,拥有,小银,24,大竺葵,12
在警犬卡蒂狗，火箭队利用臭臭弹和变声器来命令她的卡蒂狗攻击小智一行人和她，在卡蒂狗经过她的感化之后，战胜了火箭队。,敌对,火箭队,7,小智,29
，但因为顾着讲话忽略了脚下结冰的地板向前滑去，众人想帮忙小茜，但都追不上小茜，小茜派出大奶罐粉碎了结冰的地板，这才停了下来。这时，柳伯从结冰的地板的尽头的一扇门坐着轮椅出来，并跟小茜道歉，小茜对眼前这个瘦小的老头是道馆馆主这件事情诧异万分，并且觉得柳伯称会有粗暴的侵入者才设置了结冰的地板是自作多情，根本不会有人来这里的。在柳伯的邀请下，小茜走入门内，看见了许许多多的冰雕，这时小茜在小胡桃的提醒下，看见了水君的冰雕。小茜表示柳伯看起来已经是风烛残年，才不是水君的对手，所以只好刻了一个水君的冰雕来聊以自慰。但这时，水君动了起来。宝可梦协会的会长告诉小茜柳伯很可能已经跟水君对战过且败给了柳伯并且遭到,拥有,小茜,39,大奶罐,43
成为著名女演员的娜姿和她的胡地在宝可梦好莱坞再次出现。在VS秃鹰丫头 电影大惊奇中，训练家学校的女学生们正在宝可梦好莱坞挑选电影。当白慈正在推辞的时候，在一旁出现的娜姿认为白慈的心中有点迷茫，主动提出帮她做决定。娜姿的胡地攥住白慈的手腕，并把一把命运的折弯汤匙塞进她的手中。白慈还来不及拒绝，命运的折弯汤匙就开始摆动，然后朝着剧目表的方向折弯，指向了哈奇酷侠这部作品。娜姿表示这部作品一定会为她指出方向。,拥有,娜姿,8,胡地,13
阿桔曾是火箭队三干部之一，曾是浅红市道馆馆主。 阿桔曾经前往双子岛捕捉急冻鸟，并在几番波折之后成功。 苏芳岛决战之后被希巴所救。 和小茂有很深的羁绊。 假面男被打败之后，阿桔和曾经都是邪恶组织成员的希巴、一树以及梨花结为同盟。后来他们以城都新四天王的身份在心金·魂银篇登场。,伙伴,阿桔,85,梨花,106
莉佳是帕希欧的WPM关主之一，与大姐姐和迷你裙组队，在森林里与阿齐、小刚和鸣依的队伍进行对战。结果阿齐的队伍获胜，她赠出了稳重徽章。莉佳后来也加入他们的队伍一起踏上旅程。,伙伴,阿齐,31,鸣依,37
武藏（日文︰ムサシ，英文︰Jessie）是火箭队的一员，她是三人组的领导者。她和她的同伙小次郎、喵喵总是跟着小智一行人，企图抢走小智的皮卡丘，但从没成功过。在宝可梦 太阳＆月亮的阿罗拉联盟的宣传影片中，她被称为战场的女演员（暂译，日文︰戦場のアクトレス）。,拥有,武藏,0,喵喵,48
在帕希欧竞技场赤红跟青绿和叶子组成队伍，与来挑战的小结、小光、满充和莉莉艾组成的队伍进行对战，并让他们的宝可梦进行超级进化。,挑战,叶子,13,小结,25
在帕希欧竞技场赤红跟青绿和叶子组成队伍，与来挑战的小结、小光、满充和莉莉艾组成的队伍进行对战，并让他们的宝可梦进行超级进化。,伙伴,满充,31,莉莉艾,34
菊子是记录上最年长的四天王，因此她对关都地区年长的训练家们起到了鼓舞作用。她使用幽灵属性宝可梦和那些有着骇人外表的宝可梦。年轻时的菊子与大木博士、钢铁都是好朋友。那时大木博士是一位实力强劲的训练家，总是帮助性格乖僻的菊子，每次菊子都想赶他走，但是宝可梦对战又赢不了大木博士，久而久之而菊子似乎迷恋上了大木博士。然而，随着时间的流逝，大木博士把精力都投入了研究事业，菊子认为这导致他的对战实力大减，感觉背叛了她。菊子的脾气十分暴躁。,伙伴,菊子,65,钢铁,73
青绿跟赤红在帕希欧竞技场观众席观看小结、艾莉丝和阿驯的队伍对战风露、大叶和阿塞萝拉的队伍。,挑战,阿驯,24,风露,31
武藏（日文︰ムサシ，英文︰Jessie）是火箭队的一员，她是三人组的领导者。她和她的同伙小次郎、喵喵总是跟着小智一行人，企图抢走小智的皮卡丘，但从没成功过。在宝可梦 太阳＆月亮的阿罗拉联盟的宣传影片中，她被称为战场的女演员（暂译，日文︰戦場のアクトレス）。,伙伴,武藏,0,小次郎,44
浅红市当地人戏称巴奥巴为“呆呆兽”，因为他看起来跟呆呆兽一样呆滞。尽管如此，巴奥巴在宝可梦方的面知识十分渊博，还收藏着一些稀有的宝可梦化石。他管理着狩猎地带，他和浅红道馆的道馆馆主阿桔是很好的朋友。,伙伴,巴奥巴,38,阿桔,90
空木博士出现在若叶镇，吹起开启之风的城镇，当天乔伊要为送给新人训练家的小锯鳄检查身体，他细心地在用显微镜看细胞时，把进入研究所的火箭队当作乔伊，而小锯鳄咬着武藏的头发不放。过后，他寻求了君莎的帮助。在小智一行人遇见了空木博士时，他为小刚介绍了他所研究的宝可梦理论。,敌对,空木博士,108,小智,100
阿桔和娜姿是宝可梦趴地牌模式中第三战的对手。,伙伴,阿桔,0,娜姿,3
在名侦探君莎，蛋不见了，大搜谜，君莎在小智的蛋被偷后来到宝可梦中心破案，尽管她自称名侦探，但她的破案太过武断而且她的推理没有任何作用。之后她、小智一行人、乔伊遇见得到小智的蛋的袋兽，袋兽把蛋还给了小智，并和小智一起击败了来偷蛋的火箭队。,伙伴,君莎,16,小智,19
赤红跟青绿在帕希欧竞技场观众席观看小结、艾莉丝和阿驯的队伍对战风露、大叶和阿塞萝拉的队伍。,挑战,小结,17,阿塞萝拉,37
与其他地区不同，阿罗拉地区一座岛屿就只有一名君莎小姐，她们的伙伴宝可梦也并不相同。 美乐美乐岛的君莎小姐在霸主宝可梦是猫鼬探长！中首次登场，她正在因为阿罗拉的样子的拉达和小拉达破坏田地而烦恼。它们在逃跑时冲到了路上撞翻了一辆装载木头的车，引发了交通堵塞。最终在哈拉和铁掌力士的帮助下才堆好了木头，疏通了交通。当小智完成霸主宝可梦猫鼬探长的考验后，她带着猫鼬探长和猫鼬少来到一个拉达和小拉达泛滥的仓库，赶跑了它们。在结尾，君莎与猫鼬探长成为了同伴。,友好,拉达,188,小拉达,191
在不要哭，好坏星！中，小次郎遇到了好坏星的初恋对象兼前辈——一只紫色触手的好坏星。这只好坏星因为误会小次郎欺骗了它的“爱哭鬼”后辈而愤怒地攻击他，甚至进化成超坏星使他中了剧毒，直到第二天才解毒。在被穿着熊救回基地后，小次郎因为希望好坏星获得幸福，告诉武藏和喵喵他决定放生好坏星，这让好坏星心绪不宁而离家出走。第二天，在好坏星被一只毒刺水母袭击时，小次郎及时赶到救了它，试图将它推到超坏星前辈那里，并狠心地说了一些话想让它离开，好坏星为此而哭泣，这让超坏星十分不满，要求和小次郎决斗。小次郎答应了它的请求，甚至在对战中依靠自己的毅力解毒，最终他们打得精疲力尽躺倒在沙滩上并成为了朋友，而此时小次郎也明白,友好,好坏星,159,超坏星,190
青绿是大木博士的孙子，有个姐姐叫奈奈美。他自尊心很强，对自己的实力有着绝对的自信，目标是成为最优秀的训练家。,亲戚,大木博士,3,青绿,0
空木博士是大木博士的优秀学生，两人经常讨论宝可梦研究的问题。不过，空木博士的指导内容多冗长且多余。在小智与大木博士通话时，空木博士常会迫不及待地向大木博士介绍自己的新成果，结果说的相当冗长，让小智一行人很尴尬。,伙伴,小智,96,空木博士,61
在谜拟Ｑ的画皮！中，火箭队三人组再次捕捉皮卡丘失败，他们被卡奇和爆焰龟兽的超强极限爆焰弹击飞，而武藏和谜拟Ｑ一同掉落到购物广场。武藏发现谜拟Ｑ的画皮破了，她强压惊惧想将谜拟Ｑ收回球中，但对方却不愿意。为了让谜拟Ｑ进入精灵球，武藏决定和谜拟Ｑ一起享用马拉萨达，然而她刚把买好的马拉萨达从纸袋中拿出，空中就杀出三只黑暗鸦将马拉萨达抢走了。武藏在吓跑了黑暗鸦后注意到了自己手中的空纸袋，于是她心生一计，暂时把这个空纸袋当作谜拟Ｑ的画皮使用。武藏带着谜拟Ｑ来到时装店，她不断给谜拟Ｑ变换造型，却让谜拟Ｑ越发生气。武藏不理解谜拟Ｑ生气的原因，但她在意识到谜拟Ｑ很重视皮卡丘样子的画皮后，便帮助谜拟Ｑ修补好了画皮,敌对,谜拟Ｑ,117,黑暗鸦,155
莉佳是帕希欧的WPM关主之一，与大姐姐和迷你裙组队，在森林里与阿齐、小刚和鸣依的队伍进行对战。结果阿齐的队伍获胜，她赠出了稳重徽章。莉佳后来也加入他们的队伍一起踏上旅程。,伙伴,阿齐,31,小刚,34
莉佳是帕希欧的WPM关主之一，与大姐姐和迷你裙组队，在森林里与阿齐、小刚和鸣依的队伍进行对战。结果阿齐的队伍获胜，她赠出了稳重徽章。莉佳后来也加入他们的队伍一起踏上旅程。,伙伴,小刚,34,鸣依,37
登入名人堂后，科拿曾一度返回家乡冰冻岛，以防火箭队的入侵，此时不能挑战石英高原。她会在冻瀑洞窟最深处协助主角解决火箭队手下，之后会暂时留在家中。把红宝石和蓝宝石都交给宝可梦网络中心的锦辉后，科拿会返回石英高原。,位于,科拿,95,石英高原,100
在四天王科拿，冰之战斗中小智一行人在小橘子岛上听说科拿要举行一次演讲，小霞作为科拿的崇拜者十分激动，并且尊称她为“科拿大人”。而小智也十分高兴地向科拿发起挑战，但似乎被科拿忽视了。不久小智的喷火龙和其他训练家对战时失控，科拿派出呆壳兽轻松制服它，随后科拿告诉小智他的培育还不够，训练家要根据宝可梦做出行动，并邀请小智一行人参加她的演讲以及观摩她的宝可梦示范战。事后，小智坚持要和科拿比赛，科拿接受了挑战并毫无悬念地赢得了比赛，随后科拿告诉小智要让宝可梦和训练家的心联系在一起。,挑战,小智,183,科拿,189
在VS派拉斯中，小刚和小霞、夏伯以及莉佳帮助被理科男困住的小黄，但理科男却丝毫不畏惧地对小刚等人进行攻击，不过小智的皮卡和小黄的嘟嘟和小拉达联手操控混凝土打败了理科男，小刚和小霞堵住了想要逃跑的理科男的退路。但理科男依旧没放弃挣脱，让卡拉卡拉丢出带有毒粉的骨头回力镖想要带走四位道馆馆主，好在皮卡丘和小拉达配合才将其彻底击垮。接着，小刚与众人探测到了小智气息的所在地就是玉虹市北边的月见山。这时，菊子操控鬼斯想要带走理科男，小刚和众人一样派出了宝可梦想要阻止，不过都没起效，这时小黄醒来派出皮卡留住了理科男，但是不死心菊子又趁着小刚等人和小黄交流时再次想要掳走理科男，不过被赶到的小茂拦下了，鬼斯也被,拥有,理科男,105,卡拉卡拉,117
在帕希欧竞技场赤红跟青绿和叶子组成队伍，与来挑战的小结、小光、满充和莉莉艾组成的队伍进行对战，并让他们的宝可梦进行超级进化。,伙伴,小光,28,满充,31
在VS派拉斯中，小刚和小霞、夏伯以及莉佳帮助被理科男困住的小黄，但理科男却丝毫不畏惧地对小刚等人进行攻击，不过小智的皮卡和小黄的嘟嘟和小拉达联手操控混凝土打败了理科男，小刚和小霞堵住了想要逃跑的理科男的退路。但理科男依旧没放弃挣脱，让卡拉卡拉丢出带有毒粉的骨头回力镖想要带走四位道馆馆主，好在皮卡丘和小拉达配合才将其彻底击垮。接着，小刚与众人探测到了小智气息的所在地就是玉虹市北边的月见山。这时，菊子操控鬼斯想要带走理科男，小刚和众人一样派出了宝可梦想要阻止，不过都没起效，这时小黄醒来派出皮卡留住了理科男，但是不死心菊子又趁着小刚等人和小黄交流时再次想要掳走理科男，不过被赶到的小茂拦下了，鬼斯也被,伙伴,夏伯,14,莉佳,18
莉佳是一位专业的插花老师，经常穿高雅的振袖。虽然她为人低调，但在玉虹市非常有名。莉佳自称只培养漂亮的宝可梦，然而她似乎认为草属性宝可梦都是漂亮的。莉佳个性悠闲，经常打瞌睡，有可能是受到了草属性宝可梦花粉的影响。不过，她在对战中会使用非常凛冽的攻击，并且在经历一场精彩的对战后会变得神采奕奕。,位于,莉佳,0,玉虹市,32
武藏在跟着小智一行人到丰缘时得知那里有华丽大赛，从那时候她开始成为宝可梦协调训练家，并获得了丰缘华丽大赛参赛证。在丰缘地区的华丽大赛中，武藏有些时候会作弊，只要输掉比赛，她就会脱掉伪装并大闹华丽大赛会场。她以武藏碧安（日文︰ムサぴょん，英文︰Jessebella）的身份来参加华丽大赛，而在小遥对抗武藏！最后的华丽大赛!!小次郎和喵喵与小智一行人对话中这个伪装已经被小智一行人识破了。在哈利与火箭队！反派角色同盟成立!?中武藏和哈利合作准备打败小遥，但是最终因为武藏和哈利借给她的宝可梦配合不佳落败。在火箭队解散!?各自的道路！，火箭队三人组因为抓不到皮卡丘而发生分歧，打算分道扬镳，这时武藏遇到了对,敌对,小遥,222,哈利,214
此外美乐美乐岛的君莎小姐提到她是从宝可梦学校毕业的。,来自,君莎小姐,8,美乐美乐岛,2
赤红跟青绿在帕希欧竞技场观众席观看小结、艾莉丝和阿驯的队伍对战风露、大叶和阿塞萝拉的队伍。,挑战,阿驯,24,风露,31
在巨钳螳螂对抗赫拉克罗斯中小智和新吾对战的时候，小霞在说“宝可梦会为了训练家而努力”后，提到了科拿曾经也说过这句话。,挑战,小智,13,新吾,16
在消失的宝可梦之谜，君莎告诉小智一行人金柑岛内的宝可梦行为变得异常，会攻击自己的主人。但自己的鬼斯没有任何变化，她怀疑是超能力属性宝可梦在作乱。在四人一起发现了在道路上的火箭队后，火箭队原不肯和君莎合作，但为了让自己的宝可梦恢复原状，他们告诉君莎这是亚马多和小三郎的阴谋。火箭队把君莎和小智等人混入装有精灵球的推车内进入电波发射塔来破坏他们的恶行，君莎派出了鬼斯抵挡对方的攻击，在催眠装置破坏之后，鬼斯又与催眠貘进行了战斗，但由于在对战中催眠貘和波克比一起使用了挥指引发了自爆，最终亚马多和小三郎被君莎抓捕归案。,敌对,鬼斯,199,波克比,223
小霞跟黑连和可尔妮组成队伍，他们跟阿渡、大吾、竹兰的队伍进行对战。,伙伴,阿渡,17,竹兰,23
与其他地区不同，阿罗拉地区一座岛屿就只有一名君莎小姐，她们的伙伴宝可梦也并不相同。 美乐美乐岛的君莎小姐在霸主宝可梦是猫鼬探长！中首次登场，她正在因为阿罗拉的样子的拉达和小拉达破坏田地而烦恼。它们在逃跑时冲到了路上撞翻了一辆装载木头的车，引发了交通堵塞。最终在哈拉和铁掌力士的帮助下才堆好了木头，疏通了交通。当小智完成霸主宝可梦猫鼬探长的考验后，她带着猫鼬探长和猫鼬少来到一个拉达和小拉达泛滥的仓库，赶跑了它们。在结尾，君莎与猫鼬探长成为了同伴。,友好,猫鼬探长,176,猫鼬少,181
空木博士是大木博士的优秀学生，两人经常讨论宝可梦研究的问题。不过，空木博士的指导内容多冗长且多余。在小智与大木博士通话时，空木博士常会迫不及待地向大木博士介绍自己的新成果，结果说的相当冗长，让小智一行人很尴尬。,伙伴,大木博士,53,小智,50
希巴与格斗属性宝可梦一起生活和锻炼。他加入四天王是为了与最强的训练家一较高下。希巴喜欢四处游历，藤树曾经和希巴一同修行，而现在希巴喜欢去聚缘之岛泡温泉。他最爱吃愤怒馒头。,伙伴,藤树,48,希巴,53
希巴挑战小智，并与其势均力敌，击败了小智的蚊香泳士同时令皮卡丘和暴鲤龙负伤。其后，希巴的同伴菊子和科拿现身，并自称他们为关都四天王和说出他们的目的是要把人类消灭，而只留下宝可梦和优秀的精英训练员，之后更邀请小智加入他们，但小智拒绝了而被科拿冰封了起来。 之后命令飞腿郎攻击正辉家里的宝可梦寄放系统（后期证实是被菊子操控了心智），并与小蓝的小龟对峙。 旗下的腕力军团被指派到深灰市偷取深灰道馆馆主小刚所持有的徽章。 在苏芳岛决战中在野生大岩蛇上迎战马志士和正辉（原本应是小智）的组合，并一度占尽上风。在小智现身后，进一步解放怪力的力量与小智对决，落败后转身离开，途中救了差点掉进毒潭的阿桔，之后退出了关,挑战,希巴,0,小智,4
在小智结束了丰缘联盟彩幽大会的比赛后，火箭队跟随他来到关都的对战开拓区，而小次郎在这其中也来到自己金黄市的别墅，在魔尼尼登场！休息之馆！中将病得很重的风铃铃留在了家中，并且收服了魔尼尼。武藏参加华丽大赛时，他会帮武藏加油，有时候还会应武藏的要求去给她的对手造成一点麻烦。,拥有,小次郎,37,魔尼尼,89
在动画中，伊美蒂被称为模仿少女，她是一名与百变怪搭档进行模仿表演的表演家。,拥有,模仿少女,11,百变怪,21
武藏（日文︰ムサシ，英文︰Jessie）是火箭队的一员，她是三人组的领导者。她和她的同伙小次郎、喵喵总是跟着小智一行人，企图抢走小智的皮卡丘，但从没成功过。在宝可梦 太阳＆月亮的阿罗拉联盟的宣传影片中，她被称为战场的女演员（暂译，日文︰戦場のアクトレス）。,敌对,小次郎,44,小智,54
富士老人登场于卡拉卡拉。富士老人是一位亲切的老人，他在宝可梦之家里收养被丢弃的和没有父母的宝可梦，其中有只卡拉卡拉，它的母亲被火箭队手下用电击棒杀害，火箭队也把富士老人关押在宝可梦塔顶层作为人质。赤红和青绿携手把火箭队成功从宝可梦塔赶走。之后富士老人把宝可梦之笛、钥石和喷火龙进化石Ｘ作为谢礼送给赤红。,伙伴,赤红,98,青绿,101
获得16枚徽章后，在真新镇得到了大木博士的首肯，阿响经由２８号道路前往白银山，直面在三年前成为宝可梦联盟冠军之后不久便隐居白银山巅修炼的传说训练家赤红。,位于,大木博士,16,真新镇,10
武藏（日文︰ムサシ，英文︰Jessie）是火箭队的一员，她是三人组的领导者。她和她的同伙小次郎、喵喵总是跟着小智一行人，企图抢走小智的皮卡丘，但从没成功过。在宝可梦 太阳＆月亮的阿罗拉联盟的宣传影片中，她被称为战场的女演员（暂译，日文︰戦場のアクトレス）。,敌对,武藏,0,小智,54
在VS镰刀盔中，阿速坐在观众席上观看小刚和阿蜜的比赛。,挑战,小刚,18,阿蜜,21
在VS大岩蛇中，小刚旁观接连打败了多位训练家的小智，心想终于能够有想自己挑战的训练家出现了。因为小智的其他宝可梦的HP都不足了，就拜托皮卡丘上场和小刚对战。但皮卡丘十分不愿意，于是小刚就让大岩蛇对皮卡丘进行攻击，但皮卡丘接连躲开了多个落石，但被最后一颗落石砸中的它十分不爽直接电了小智。这时，小刚误会小智能够赢得对战只是纯属侥幸，生气的小刚想给小智一点颜色瞧瞧，就让大岩蛇放开全力给小智的皮卡丘最后一击。小智担心皮卡丘承受不住而跃身救下了皮卡丘，这使得皮卡丘十分感动，直接放电将大岩蛇电的七零八落从而赢得了胜利，小智也从小刚那里的获得灰色徽章。同时，小茂也从小刚那里拿到了灰色徽章。,挑战,小智,23,小刚,8
在金·银·水晶篇的最后，假面男被打败了，阿笔也回到了桧皮道馆。,来自,阿笔,20,桧皮道馆,26
在VS尼多王中，巴奥巴在狩猎地带的监控室观看小智的狩猎之旅，他希望客人能够在狩猎之旅中感到十二万分之惊险和刺激，巴奥巴询问员工安全是否有问题，员工表示客人有最新的人工智能引导及其机械波波一号和二号来保护旅客的安全。接着，当小智遭到野生的尼多王攻击落水后，巴奥巴在监控室的通讯系统也受到了损害。这时员工又来报告找到了一台坏的引导，其便是一号波波。巴奥巴只能祈祷二号波波还能跟着小智继续引导他，并安慰皮卡和妙蛙说他们的主人会平安无事的。,拥有,小智,22,皮卡,198
在讨厌水属性宝可梦的乔伊！小霞的愤怒！中，出现了一位在治疗水属性宝可梦的宝可梦中心里工作的乔伊小姐，但她自己很讨厌水属性宝可梦。在飘飘球与北风的使者！中，出现了名叫沙耶香和小舞的两位乔伊的孩子，她们指出乔伊只是她们家族的“姓氏”。,亲戚,小舞,86,乔伊,45
在帕希欧竞技场赤红跟青绿和叶子组成队伍，与来挑战的小结、小光、满充和莉莉艾组成的队伍进行对战，并让他们的宝可梦进行超级进化。,伙伴,青绿,10,叶子,13
在不要哭，好坏星！中，小次郎遇到了好坏星的初恋对象兼前辈——一只紫色触手的好坏星。这只好坏星因为误会小次郎欺骗了它的“爱哭鬼”后辈而愤怒地攻击他，甚至进化成超坏星使他中了剧毒，直到第二天才解毒。在被穿着熊救回基地后，小次郎因为希望好坏星获得幸福，告诉武藏和喵喵他决定放生好坏星，这让好坏星心绪不宁而离家出走。第二天，在好坏星被一只毒刺水母袭击时，小次郎及时赶到救了它，试图将它推到超坏星前辈那里，并狠心地说了一些话想让它离开，好坏星为此而哭泣，这让超坏星十分不满，要求和小次郎决斗。小次郎答应了它的请求，甚至在对战中依靠自己的毅力解毒，最终他们打得精疲力尽躺倒在沙滩上并成为了朋友，而此时小次郎也明白,敌对,毒刺水母,165,超坏星,190
了柳伯用冰块的封印，现在又融化了。这时小茜来了兴致，想要跟水君一较高下，但小茜的皮宝宝和宝宝丁没有两下就败下阵来，不过小茜立刻又派出了大奶罐，小茜以为大奶罐打败了水君还在柳伯面前耀武扬威，但结果恰恰相反，大奶罐失去了战斗能力。这时，导播让小茜听从柳伯的指示作战，并告诉自大的小茜，柳伯可是被誉为“永久冰壁”的丰富训练家。小茜从柳伯那里得知他早就研究过之前和水君对战的几位道馆馆主的过程了，于是小茜就推着柳伯的轮椅配合着他的指示进行观战，接着小茜听从柳伯的指示派出大奶罐成功破解了水君的镜面反射，最后和柳伯的小山猪配合一举打败了水君，这时小茜抛出了精灵球想要收服水君，但水君的腹部裂了开来，小茜被眼前的,拥有,小茜,37,皮宝宝,40
奈奈美喜欢喝茶，还曾是宝可梦华丽大赛的冠军。在她家里的墙上，挂着一张她和皮皮的照片。,拥有,奈奈美,0,皮皮,36
在VS镰刀盔中，小茜观看了小刚和阿蜜的对战赛。接着，在VS猫头夜鹰中，小茜和小霞的对战就开始了，大奶罐的滚被小霞的宝石海星轻松躲开了，接着小霞的宝石海星又用高速旋转命中大奶罐，最后用一发破坏光线直接带走了小茜大奶罐，赢得了比赛的胜利。,拥有,小霞,69,宝石海星,72
在VS阿尔宙斯I中，阿笔醒了过来后，收到了阿金给他一张从松叶那里得到的跟阿渡目前位置有关的图纸。阿笔迅速发现图纸描绘的正是阿露福遗迹，阿笔和金立刻前往，而阿尔宙斯也往阿露福遗迹飞去。抵达后，阿渡出现和阿金一番交谈后，独自进入阿尔宙斯的领域和阿尔宙斯对战，阿笔和阿渡都在一旁观战。阿渡跟阿笔讲述了关于宝可梦全能竞技赛的起源。阿笔对阿渡讲述的起源中的传授治疗法的宝可梦表示有些兴趣。,伙伴,阿笔,127,阿渡,130
他并不是土生土长的紫苑人，过去他曾经住在红莲镇的宝可梦屋中，同时在红莲研究所工作。研究所中有一张在职时富士老人的照片，当主角调查这张照片时，会显示“富士博士（日文︰フジ博士，英文︰Dr. Fuji）?!?!”以凸显出主角的惊讶。他的研究课题是梦幻，结果是造出了不受控制的超梦。富士老人和夏伯是密友，红莲道馆内有两人的合照。,伙伴,富士老人,138,夏伯,143
在赤红中，小刚与赤红相遇，在赤红还没进入深灰市时在属性相性方面指导了赤红。之后在深灰道馆被赤红打败，给出了灰色徽章。,伙伴,小刚,5,赤红,8
在VS尼多王中，巴奥巴在狩猎地带的监控室观看小智的狩猎之旅，他希望客人能够在狩猎之旅中感到十二万分之惊险和刺激，巴奥巴询问员工安全是否有问题，员工表示客人有最新的人工智能引导及其机械波波一号和二号来保护旅客的安全。接着，当小智遭到野生的尼多王攻击落水后，巴奥巴在监控室的通讯系统也受到了损害。这时员工又来报告找到了一台坏的引导，其便是一号波波。巴奥巴只能祈祷二号波波还能跟着小智继续引导他，并安慰皮卡和妙蛙说他们的主人会平安无事的。,友好,皮卡,198,妙蛙,201
在消失的宝可梦之谜，君莎告诉小智一行人金柑岛内的宝可梦行为变得异常，会攻击自己的主人。但自己的鬼斯没有任何变化，她怀疑是超能力属性宝可梦在作乱。在四人一起发现了在道路上的火箭队后，火箭队原不肯和君莎合作，但为了让自己的宝可梦恢复原状，他们告诉君莎这是亚马多和小三郎的阴谋。火箭队把君莎和小智等人混入装有精灵球的推车内进入电波发射塔来破坏他们的恶行，君莎派出了鬼斯抵挡对方的攻击，在催眠装置破坏之后，鬼斯又与催眠貘进行了战斗，但由于在对战中催眠貘和波克比一起使用了挥指引发了自爆，最终亚马多和小三郎被君莎抓捕归案。,友好,催眠貘,219,波克比,223
在VS闪电鸟中，作为火箭队三干部之一的娜姿迎战的是小蓝，她透过超能力制造出了小蓝内心最恐惧的一幕，她还让勇基拉使出幻象术让小蓝的精灵球都从身上掉下，沾沾自喜的娜姿让勇基拉直接解决掉水箭龟，勇基拉对着水箭龟就是一汤匙，接着又用定身法封住了水箭龟而后直接击碎了水箭龟的龟壳。眼前这一幕让娜姿觉得自已经胜券在握，谁料想小蓝从脚边踹了一个精灵球到娜姿背后，从精灵球里出来的才是真正的水箭龟，之前那只是百变怪变身的。小蓝命令水箭龟对勇基拉使出了百万吨重拳，而后又趁着娜姿忙于应付水箭龟时让墨海马使出烟幕让娜姿失去视野，自己则是带上了西尔佛检视镜，将慌乱的娜姿和勇基拉尽收眼底。小蓝还嘲讽娜姿，称她的皮肤很差是因,拥有,小蓝,203,水箭龟,207
在帕希欧竞技场赤红跟青绿和叶子组成队伍，与来挑战的小结、小光、满充和莉莉艾组成的队伍进行对战，并让他们的宝可梦进行超级进化。,伙伴,小结,25,满充,31
在特别动画中，阿渡与竹兰和大吾联手合作，在帕希欧竞技场跟到来的黑连、小霞和可尔妮所组成队伍进行对战。,伙伴,竹兰,10,大吾,13
空木博士（日文︰ウツギ博士，英文︰Professor Elm）是城都地区的宝可梦博士。,来自,空木博士,0,城都地区,32
阿笔首次在VS未知图腾中登场，路过的阿金误将阿笔当成女孩子，想要叫他去喝茶，但阿笔告诉阿金自己是男的之后，阿金表现得十分沮丧并让阿笔不要介意。当阿笔表示自己来这里是为了寻找失踪的身为自己同伴的遗迹探险队的同伴，阿金决定帮助阿笔找到那些失踪的同伴。阿笔询问阿金来阿露福遗迹的缘由，阿金表示自己也是来寻找失踪的宝可梦的，阿笔表现的很激动，还表示自己在钓鱼胜地也听说过类似的事情。阿笔看到阿金让火球鼠把遗迹的墙壁烧塌，急忙阻止，但最终阿笔还是跟阿金从被火球鼠烧开的墙壁鲁莽地进入遗迹，阿笔跟阿金介绍了遗迹墙壁上画着的“象征宝可梦”时，遇到了遇到了正在遗迹内捕捉未知图腾的火箭队中队长三人组的攻击，阿笔和阿金,伙伴,阿笔,111,阿金,105
在消失的宝可梦之谜，君莎告诉小智一行人金柑岛内的宝可梦行为变得异常，会攻击自己的主人。但自己的鬼斯没有任何变化，她怀疑是超能力属性宝可梦在作乱。在四人一起发现了在道路上的火箭队后，火箭队原不肯和君莎合作，但为了让自己的宝可梦恢复原状，他们告诉君莎这是亚马多和小三郎的阴谋。火箭队把君莎和小智等人混入装有精灵球的推车内进入电波发射塔来破坏他们的恶行，君莎派出了鬼斯抵挡对方的攻击，在催眠装置破坏之后，鬼斯又与催眠貘进行了战斗，但由于在对战中催眠貘和波克比一起使用了挥指引发了自爆，最终亚马多和小三郎被君莎抓捕归案。,敌对,小三郎,129,君莎,121
在VS传说的鸟宝可梦中，小刚负责封锁了靠金黄市南侧的出口防止因为看到西尔佛公司着的火越来越大而企图逃出的火箭队手下，以此来帮助小智等人彻底击溃火箭队并将其一网打尽，他还告诉小智那只被打败的大岩蛇已经满血复活了。,敌对,小智,63,火箭队,71
在VS尼多王中，巴奥巴在狩猎地带的监控室观看小智的狩猎之旅，他希望客人能够在狩猎之旅中感到十二万分之惊险和刺激，巴奥巴询问员工安全是否有问题，员工表示客人有最新的人工智能引导及其机械波波一号和二号来保护旅客的安全。接着，当小智遭到野生的尼多王攻击落水后，巴奥巴在监控室的通讯系统也受到了损害。这时员工又来报告找到了一台坏的引导，其便是一号波波。巴奥巴只能祈祷二号波波还能跟着小智继续引导他，并安慰皮卡和妙蛙说他们的主人会平安无事的。,友好,妙蛙,201,皮卡,198
奈奈美、小智、小蓝一起去找正辉，却发现正辉受了伤。原来赤焰松和水梧桐早先来过，抢走了红宝石和蓝宝石自我修复成的朱红色宝珠和靛蓝色宝珠。,伙伴,奈奈美,0,小蓝,7
青绿在挑战者里初次登场，他称霸了石英联盟成为了冠军。不过很快赤红便上门前来挑战了，但青绿似乎也早已料到会如此。,挑战,赤红,30,青绿,0
在消失的宝可梦之谜，君莎告诉小智一行人金柑岛内的宝可梦行为变得异常，会攻击自己的主人。但自己的鬼斯没有任何变化，她怀疑是超能力属性宝可梦在作乱。在四人一起发现了在道路上的火箭队后，火箭队原不肯和君莎合作，但为了让自己的宝可梦恢复原状，他们告诉君莎这是亚马多和小三郎的阴谋。火箭队把君莎和小智等人混入装有精灵球的推车内进入电波发射塔来破坏他们的恶行，君莎派出了鬼斯抵挡对方的攻击，在催眠装置破坏之后，鬼斯又与催眠貘进行了战斗，但由于在对战中催眠貘和波克比一起使用了挥指引发了自爆，最终亚马多和小三郎被君莎抓捕归案。,敌对,火箭队,90,君莎,97
小茜在满金道馆，力量与速度中首次登场，她在小智的皮卡丘和她的皮皮相撞后，跑到了皮卡丘身边，亲吻了皮卡丘的额头，让皮卡丘很是开心。 随后，她带着小智一行人穿过满金地道，来到了满金百货商场。 然而，他们却跌跌撞撞地走了很多不想去的地方。 最后，他们来到一家餐厅，吃了汉堡。之后，他们遇到了火箭队，火箭队抢走了她的皮皮，坐上了磁浮列车，但被他们成功拦住了，火箭队随即空手而去，空手而归。在得知小茜就是满金道馆馆主后，小智向她提出道馆挑战的请求，尽管今天是她的休息日，但她还是答应了挑战，并专门为他开放了道馆。在比赛中，小智成功用他的火球鼠打败了她派出的第一只宝可梦尼多丽娜。接着她派出皮皮，却因挥指使出了毫,拥有,小茜,0,皮皮,30
在VS灯笼鱼中，小刚和莉佳以及小霞因为接到宝可梦协会的紧急召集穿过都城瀑布前往城都地区，小刚对都城瀑布的雄伟壮观发出赞叹。而他们经过一座吊桥时，小刚发现桥有些断裂，因为从地图上看没有可以绕路的选择，他只好派出大岩蛇来帮忙填充吊桥断裂的部分，小刚在中途提议改乘阿哥号，而离家表示最近阴晴不定阿哥号很可能赶不上。小刚奉劝小霞不要分心并伸出手拉小霞一把，可这是冲出了许许多多的大嘴蝠和超音蝠导致小霞不慎从桥上掉了下去后被冲入瀑布内失去了知觉。小刚和莉佳也是勉强抓住大岩蛇才没有掉下去。之后，小刚和小霞隔着瀑布呼喊小霞的名字，但没有等到回应，这时小刚也受到了来自宝可梦协会的消息，将会举办关都和城都的道馆馆主,拥有,小刚,72,大岩蛇,104
在帕希欧竞技场赤红跟青绿和叶子组成队伍，与来挑战的小结、小光、满充和莉莉艾组成的队伍进行对战，并让他们的宝可梦进行超级进化。,伙伴,赤红,7,叶子,13
阿速想要尽可能地接近飞行宝可梦，因此经常用滑翔机飞来飞去。在桔梗道馆，空中大战中，小智的皮卡丘被火箭队抢走时，阿速用大比鸟救回了它。他的咕咕经常会停在他的肩部。,拥有,阿速,55,咕咕,68
武藏在闪焰队来袭！棱镜塔的基格尔德!!中代替帕琦拉担任播报卡洛斯异变的主播，并以武藏莫朵（日文︰ムサモト）自称*。,出没,基格尔德,13,棱镜塔,9
接着，在VS镰刀盔中小刚与阿蜜正式对决。小刚直接派出了镰刀盔，阿蜜把所有宝可梦放出后从中挑选状态最好的。对战开始，阿蜜先是派出了电龙光儿对抗小刚的镰刀盔，一开始相持不下的状况被镰刀盔的原始之力打破局面，电龙受了重伤但还是勉强撑了下来。这时阿蜜问小刚是不是在猜自己是什么属性的专家，然后主动告诉小刚自己曾和小刚一样是岩石属性的专家，派出了披上了一层岩石皮装作大岩蛇的大钢蛇。小刚表示阿蜜终于打开了自己的第六个精灵球，并且对阿蜜的大钢蛇赶到惊讶认为这是异种的大岩蛇。在对战中，大钢蛇身上的岩石皮受到大岩蛇的绑紧攻击而裂了开来，观众皆为震惊。顺势，阿蜜用大钢蛇击败了吃惊的小刚，之后大木博士出面提出这是一种,拥有,阿蜜,271,大钢蛇,274
在乌贼王对好啦鱿！用情谊来拯救世界!!中，小次郎等人再次遇到了邪恶的乌贼王。而这时好啦鱿表现得十分激动，连喵喵也听不懂它在说什么。武藏便认为好啦鱿与乌贼王们是同伙，想把他们交出去，这个想法得到了喵喵的认可，但小次郎坚信好啦鱿不会做出这种事。逃出乌贼王的控制后，好啦鱿才说明它的本心：它不肯原谅之前控制小次郎的乌贼王，不想看到小次郎被控制，所以它要打败乌贼王们。这让小次郎和喵喵深受感动。当他们解救了武藏等人后，小次郎的好啦鱿却被乌贼王控制，向小智一行人和火箭队三人组发起攻击。看到被控制的好啦鱿，小次郎拿出了好啦鱿最喜欢的可颂，并抱住了冲向他的好啦鱿。在小次郎的怀抱中，好啦鱿想起了与小次郎在一起的经,友好,好啦鱿,70,乌贼王,74
在VS图图犬中，满金道馆的道馆馆主小茜作为小胡桃主持的广播节目的特邀嘉宾，正在直播接受采访时，阿金突然闯入了录音室。小茜疑惑地询问小胡桃阿金是她的朋友吗，而小胡桃则表示不认识阿金。由于小茜送给小胡桃的图图犬夜袭了阿金，还在阿金脸上画了各种图案，使得阿金和小茜大吵了起来，因为节目直播还在进行，小茜和阿金的吵架声都被播了出去。这时导播本想阻止并训斥小茜和阿金，但是助手表示小茜和阿金的吵架广受好评，听众们希望继续收听。于是，小茜告诉阿金想要和他在节目里一较高下，导演也决定播出2个小时的特别节目：《新人训练家对战道馆馆主小茜》，两人的比赛规则就是宝可梦赛跑战，从满金市出发，穿过自然公园到达３７号道路的,挑战,小茜,211,阿金,215
坂木首次出现在火箭队基地，他和赤红初次进行了对战。之后他率领火箭队占领了西尔佛公司，他和赤红在公司顶楼进行对战，以胜利告终，之后他乘着直升机离开。,挑战,赤红,15,坂木,0
在VS大力鳄中，为了从小银的控制中脱身，拉姆达化妆成巴奥巴的样子。而这时巡视的员工正好赶来，伪装的巴奥巴假装跟小银很熟而成功脱了身，而真正的巴奥巴却被绑了起来。,敌对,小银,11,拉姆达,20
阿速在VS电击怪中以警察先生的身份首次登场，他责问刚从昏迷中醒来的阿金，问他空木博士院子里的火是不是他放的。虽然阿金没有回答，但阿速执意要让阿金去跟他录取口供，否则就要将他逮捕。之后，在五郎的解释下，阿速才知道阿金不是犯人，但是阿速了解到空木博士和五郎都没有看到犯人的脸，只有阿金是唯一目击到犯人的人，所以阿速拜托他协助调查去。到了吉花市的警察局之后，阿速拜托阿金形容犯人的长相，生成模拟照片后，阿速因为天色已晚想要留阿金住在这里并让阿金和家里人说一声就好，但阿金表示不用并拉着五郎匆匆离去，阿速便只好向阿金表示感谢配合。,伙伴,阿金,230,五郎,239
希巴挑战小智，并与其势均力敌，击败了小智的蚊香泳士同时令皮卡丘和暴鲤龙负伤。其后，希巴的同伴菊子和科拿现身，并自称他们为关都四天王和说出他们的目的是要把人类消灭，而只留下宝可梦和优秀的精英训练员，之后更邀请小智加入他们，但小智拒绝了而被科拿冰封了起来。 之后命令飞腿郎攻击正辉家里的宝可梦寄放系统（后期证实是被菊子操控了心智），并与小蓝的小龟对峙。 旗下的腕力军团被指派到深灰市偷取深灰道馆馆主小刚所持有的徽章。 在苏芳岛决战中在野生大岩蛇上迎战马志士和正辉（原本应是小智）的组合，并一度占尽上风。在小智现身后，进一步解放怪力的力量与小智对决，落败后转身离开，途中救了差点掉进毒潭的阿桔，之后退出了关,拥有,小智,18,暴鲤龙,32
空木博士出现在若叶镇，吹起开启之风的城镇，当天乔伊要为送给新人训练家的小锯鳄检查身体，他细心地在用显微镜看细胞时，把进入研究所的火箭队当作乔伊，而小锯鳄咬着武藏的头发不放。过后，他寻求了君莎的帮助。在小智一行人遇见了空木博士时，他为小刚介绍了他所研究的宝可梦理论。,伙伴,小智,100,空木博士,108
青绿跟赤红在帕希欧竞技场观众席观看小结、艾莉丝和阿驯的队伍对战风露、大叶和阿塞萝拉的队伍。,挑战,艾莉丝,20,大叶,34
在VS飞天螳螂中，阿笔在休息室和钢铁先生表示感谢，阿笔和千惠一起听了钢铁对带球捕获网的讲解，从休息室出来后阿笔就遇到了自己的对手娜姿，跟娜姿打了招呼。接着在马志士和松叶的对战落下帷幕后，阿笔和娜姿走上赛场，阿笔先是派出飞天螳螂用连斩打了娜姿的魔墙人偶个措手不及，紧接着阿笔又换上赫拉克罗斯用超级角击将魔墙人偶打飞，但却不料想阿笔和赫拉克罗斯都进了娜姿的圈套，被关在了一间看不见的房子里，阿笔这才意识到魔墙人偶假装被飞天螳螂和赫拉克罗斯达到其实是趁机在建造者所房子，本想让赫拉克罗斯用猛撞给透明房子开个洞，但却因为对面的魔墙人偶使用了再来一次而无法成功使出招式。最后，阿笔输掉了比赛。,拥有,阿笔,134,赫拉克罗斯,139
小茜是个长相甜美却十分迷糊的女孩，她经常在家乡迷路。她对可爱的宝可梦有着十足的好感。她在对战中的策略通常依赖大奶罐几乎势不可挡的滚动和皮皮变幻莫测的挥指，但有时会适得其反。,拥有,小茜,0,皮皮,67
赤红跟青绿在帕希欧竞技场观众席观看小结、艾莉丝和阿驯的队伍对战风露、大叶和阿塞萝拉的队伍。,伙伴,大叶,34,阿塞萝拉,37
亚希达先生与对战开拓区！中，丰缘联盟结束后，小智在回真新镇的途中路过常青市，他发现道馆已经整修完毕，于是一时兴起便想再次挑战常青道馆，结果发现道馆馆主暂时由菊子接任。战斗采1对1，小智使用皮卡丘，菊子则使用耿鬼，耿鬼在使出催眠术之后接著使用食梦便结束了这场比赛，由菊子取得胜利。虽然小智战败，但他的实力仍得到菊子的肯定。菊子表示，在找到下一任常青市道馆馆主之前暂时由她担任道馆馆主的职位。之后火箭队三人组突然出现抢夺皮卡丘，菊子出手帮助，并使用大嘴蝠与皮卡丘合力打跑火箭队。,拥有,菊子,212,大嘴蝠,222
武藏在跟着小智一行人到丰缘时得知那里有华丽大赛，从那时候她开始成为宝可梦协调训练家，并获得了丰缘华丽大赛参赛证。在丰缘地区的华丽大赛中，武藏有些时候会作弊，只要输掉比赛，她就会脱掉伪装并大闹华丽大赛会场。她以武藏碧安（日文︰ムサぴょん，英文︰Jessebella）的身份来参加华丽大赛，而在小遥对抗武藏！最后的华丽大赛!!小次郎和喵喵与小智一行人对话中这个伪装已经被小智一行人识破了。在哈利与火箭队！反派角色同盟成立!?中武藏和哈利合作准备打败小遥，但是最终因为武藏和哈利借给她的宝可梦配合不佳落败。在火箭队解散!?各自的道路！，火箭队三人组因为抓不到皮卡丘而发生分歧，打算分道扬镳，这时武藏遇到了对,伙伴,武藏,211,哈利,214
在特别动画中，阿渡与竹兰和大吾联手合作，在帕希欧竞技场跟到来的黑连、小霞和可尔妮所组成队伍进行对战。,伙伴,阿渡,7,竹兰,10
在VS镰刀盔中，小茜观看了小刚和阿蜜的对战赛。接着，在VS猫头夜鹰中，小茜和小霞的对战就开始了，大奶罐的滚被小霞的宝石海星轻松躲开了，接着小霞的宝石海星又用高速旋转命中大奶罐，最后用一发破坏光线直接带走了小茜大奶罐，赢得了比赛的胜利。,拥有,小茜,35,大奶罐,48
在VS镰刀盔中，阿笔坐在观众席上观看小刚和阿蜜的比赛。,挑战,小刚,18,阿蜜,21
枯叶市也有一位君莎小姐，当主角获得橙色徽章后，她会送出一只杰尼龟。,来自,君莎小姐,7,枯叶市,0
当空木博士拜托他去住在吉花市北边的宝可梦爷爷那里跑一趟时，阿响的旅程开始了。考虑到他可能会在路上遇到危险的野生宝可梦，空木博士还送给了他一只最初的伙伴来防身。临走时，阿响看到一个和他同岁的奇怪男孩正在空木博士研究所外偷窥。当他想要跟他说话时，男孩粗鲁地推开了他。在宝可梦爷爷的家里他还遇到了大木博士。大木博士看出阿响与宝可梦之间的牵绊，交给了他宝可梦图鉴。在回家的路上，阿响遇到了偷走空木博士的宝可梦的小银。在战斗中击败他后，阿响得知了他的名字并告诉若叶镇的警察。空木博士鼓励他去挑战石英高原。,伙伴,空木博士,192,阿响,185
他会在２９号道路向主角演示如何捕捉野生宝可梦，之后送出精灵球×5。在连接３１号道路和桔梗市的闸口，他会送出对战记录器。他的祖父母在３４号道路经营培育屋，初次来到这里他会告诉主角他的宝可齿轮号码。在满金地道，他会送出饰品盒。获得8个徽章后，在他会在空木研究所内为主角庆祝。因为空木博士接到了和服女孩们的请求，让主角前往缘朱舞场，因此如果主角企图前往２７号道路的话阿响会叫住主角。在对战舞台也能见到他。,来自,和服女孩们,144,缘朱舞场,158
阿笔在大型温室般的道馆锻炼，道馆里有许多树木，充满了昆虫。在桧皮道馆！森林的战斗场地！中，他的飞天螳螂会使出剑舞来偏转火属性绝招，但是小智算出它从上面脆弱，使用火球鼠来击倒它，于是小智得到了昆虫徽章。,拥有,阿笔,0,飞天螳螂,47
在VS大力鳄中，为了从小银的控制中脱身，拉姆达化妆成巴奥巴的样子。而这时巡视的员工正好赶来，伪装的巴奥巴假装跟小银很熟而成功脱了身，而真正的巴奥巴却被绑了起来。,敌对,拉姆达,20,巴奥巴,26
了在这之前出现帮助过他们的刺球仙人掌。后来，小次郎又在茵郁市的羽翼嘉年华会！的庙会时提到自己小时候很想要风铃铃，而在那集的庙会里他真的遇到了一只风铃铃，后来这只风铃铃也成为了他的同伴。这两只宝可梦都和小次郎非常亲近，刺球仙人掌甚至经常在放出来时抱住小次郎把小次郎弄得很疼。,拥有,小次郎,128,刺球仙人掌,108
在挑战者中，赤红来到了联盟准备挑战刚成为冠军的青绿，并且青绿似乎也早已知道此事。,挑战,赤红,6,青绿,23
在VS勇基拉中，娜姿让勇基拉装成大木博士等待小智回到研究所，但发现勇基拉装成的大木博士开始膨胀并发起的小智派出妙蛙，勇基拉也使出幻象光线击妙蛙和小智，但它最终还是被妙蛙的寄生种子缠着并原形毕露。这时娜姿从暗处现身告诉小智，勇基拉用的是催眠术，会让人跟宝可梦产生幻觉。还告诉小智因为小智总是在坏火箭队的好事，所以今天才来当面警告，如果小智相救真正的大木博士就请到金黄市去。小智明白镇民的失踪也和火箭队有关。于是生气的让妙蛙攻击娜姿，却不曾想飞叶快刀根本无法打中娜姿，娜姿跟小智说完后会有期就转身离去。,拥有,娜姿,8,勇基拉,11
在鬼斯通对抗超能力中，小智带着鬼斯通再次挑战，却因鬼斯通不现身而陷入危机，小刚和小霞被变成玩偶。之后小智三度挑战时，鬼斯通出现并大闹一场，逗得娜姿乐不可支，无法继续指挥勇基拉战斗，同时也找回了人性。最后鬼斯通留在她身边，她的母亲也变了回来。,拥有,娜姿,71,勇基拉,84
宝可梦暑期讲座开课!!中，小次郎和喵喵以帮工身份进入天冠山的山梨博士的研究所，本想和假扮成学员的武藏一起搜集情报，结果忙着忙着却忘了自己来的目的，三人还都吃饱喝足以至于发胖，于是回归原点的火箭队!?中，他们不得不开始减肥。,来自,山梨博士,30,天冠山,26
富士老人登场于卡拉卡拉。富士老人是一位亲切的老人，他在宝可梦之家里收养被丢弃的和没有父母的宝可梦，其中有只卡拉卡拉，它的母亲被火箭队手下用电击棒杀害，火箭队也把富士老人关押在宝可梦塔顶层作为人质。赤红和青绿携手把火箭队成功从宝可梦塔赶走。之后富士老人把宝可梦之笛、钥石和喷火龙进化石Ｘ作为谢礼送给赤红。,拥有,富士老人,12,卡拉卡拉,53
最后他在常青道馆和赤红进行了最后的对战，他派出了心爱的独角犀牛和钻角犀兽，在两人经过艰苦的战斗中，坂木从赤红的热血中看到了小时候的自己。最后他被赤红打败，宣布解散火箭队并寻找新的方向。,挑战,赤红,72,坂木,49
接着，在VS镰刀盔中小刚与阿蜜正式对决。小刚直接派出了镰刀盔，阿蜜把所有宝可梦放出后从中挑选状态最好的。对战开始，阿蜜先是派出了电龙光儿对抗小刚的镰刀盔，一开始相持不下的状况被镰刀盔的原始之力打破局面，电龙受了重伤但还是勉强撑了下来。这时阿蜜问小刚是不是在猜自己是什么属性的专家，然后主动告诉小刚自己曾和小刚一样是岩石属性的专家，派出了披上了一层岩石皮装作大岩蛇的大钢蛇。小刚表示阿蜜终于打开了自己的第六个精灵球，并且对阿蜜的大钢蛇赶到惊讶认为这是异种的大岩蛇。在对战中，大钢蛇身上的岩石皮受到大岩蛇的绑紧攻击而裂了开来，观众皆为震惊。顺势，阿蜜用大钢蛇击败了吃惊的小刚，之后大木博士出面提出这是一种,拥有,小刚,70,镰刀盔,73
在VS猫头夜鹰中，阿速先是在观众席上去观看了小茜和小霞的比赛，紧接着就轮到他上场了，阿速派出了猫头夜鹰迎战阿杏的臭臭泥。对战中，阿杏的臭臭泥缩小这一点让阿速很是惊讶，接着阿速由臭臭泥使出的臭泥炸弹判断出阿杏的专长是毒属性。阿速深知如果再被臭臭泥击中，就会输掉比赛，但是他又找不到缩小的臭臭泥的位置，于是阿速决定让猫头夜鹰使用识破找到了臭臭泥，见情形不妙的阿杏收回了臭臭泥，换上了阿利多斯，阿速命令猫头夜鹰抓起了阿利多斯展开空中决斗，但阿利多斯脱离了猫头夜鹰回到地面，还在猫头夜鹰面前织网，趁着阿速分析阿利多斯行为并且阿杏在解释阿利多斯的蛛丝时，阿利多斯再次发动攻击用锐利的攻击丝击败了猫头夜鹰。阿速派,拥有,阿杏,64,臭臭泥,67
武藏（日文︰ムサシ，英文︰Jessie）是火箭队的一员，她是三人组的领导者。她和她的同伙小次郎、喵喵总是跟着小智一行人，企图抢走小智的皮卡丘，但从没成功过。在宝可梦 太阳＆月亮的阿罗拉联盟的宣传影片中，她被称为战场的女演员（暂译，日文︰戦場のアクトレス）。,拥有,小智,54,皮卡丘,67
获得16枚徽章后，在真新镇得到了大木博士的首肯，阿响经由２８号道路前往白银山，直面在三年前成为宝可梦联盟冠军之后不久便隐居白银山巅修炼的传说训练家赤红。,出没,赤红,73,白银山巅,61
阿速在VS电击怪中以警察先生的身份首次登场，他责问刚从昏迷中醒来的阿金，问他空木博士院子里的火是不是他放的。虽然阿金没有回答，但阿速执意要让阿金去跟他录取口供，否则就要将他逮捕。之后，在五郎的解释下，阿速才知道阿金不是犯人，但是阿速了解到空木博士和五郎都没有看到犯人的脸，只有阿金是唯一目击到犯人的人，所以阿速拜托他协助调查去。到了吉花市的警察局之后，阿速拜托阿金形容犯人的长相，生成模拟照片后，阿速因为天色已晚想要留阿金住在这里并让阿金和家里人说一声就好，但阿金表示不用并拉着五郎匆匆离去，阿速便只好向阿金表示感谢配合。,伙伴,五郎,239,阿金,230
在特别动画中，阿渡与竹兰和大吾联手合作，在帕希欧竞技场跟到来的黑连、小霞和可尔妮所组成队伍进行对战。,伙伴,黑连,31,可尔妮,37
了柳伯用冰块的封印，现在又融化了。这时小茜来了兴致，想要跟水君一较高下，但小茜的皮宝宝和宝宝丁没有两下就败下阵来，不过小茜立刻又派出了大奶罐，小茜以为大奶罐打败了水君还在柳伯面前耀武扬威，但结果恰恰相反，大奶罐失去了战斗能力。这时，导播让小茜听从柳伯的指示作战，并告诉自大的小茜，柳伯可是被誉为“永久冰壁”的丰富训练家。小茜从柳伯那里得知他早就研究过之前和水君对战的几位道馆馆主的过程了，于是小茜就推着柳伯的轮椅配合着他的指示进行观战，接着小茜听从柳伯的指示派出大奶罐成功破解了水君的镜面反射，最后和柳伯的小山猪配合一举打败了水君，这时小茜抛出了精灵球想要收服水君，但水君的腹部裂了开来，小茜被眼前的,拥有,小茜,71,大奶罐,75
在四天王之战后，娜姿前往白银山的特别温泉治疗，碰到了同样前来疗伤的小智，期间问起小智他的伊布的情况，在疗伤完毕离开时，她将指引未来的念力汤匙交给了小智。后在关都城都道馆馆主对战中，娜姿派出魔墙人偶以压倒性的实力战胜了阿笔。,拥有,小智,40,伊布,44
在VS赫拉克罗斯中，阿笔和他的同伴们继续在调查遗迹，并且他们开始设法捕捉各种各样的未知图腾。而这时，遗迹回廊上窜过一道白光，阿笔骑上自己的赫拉克罗斯前去查看，却发现了用未知图腾拼写的“离洞”的图案，立刻想到了离洞绳。他使用离洞绳离开遗迹后立刻遇到了水君。他猜测出水君和之前在遗迹攻击他的火箭队没关系，并认为水君是在测试他的能力，他立刻派出赫拉克罗斯应战，赫拉克罗斯被撞到了天顶上，但乘空档，阿笔让铁壳蛹和盾甲蛹配合自己的捕虫网成功将水君网住，眼看就要捕获，水君使用极光束破网而逃。而阿笔此时发现在和水君对战时，一面藏在墙后的房间也被发现了，里面写着用未知图腾拼写的“凤王”的图案，第二天，阿笔立刻在阿,拥有,阿笔,195,铁壳蛹,198
自此阿响开始了他在城都地区的旅程，对抗道馆馆主收集徽章。在烧焦塔，他有幸目睹了凤王卫队的复活。后来他又前去湛蓝市秘传药店取来秘传之药，治好光辉灯塔的电龙光儿。在愤怒之湖，他遇见了奇怪的红色暴鲤龙，之后便与神秘训练家阿渡一起调查卡吉镇的火箭队基地。后来他又击溃了占领满金电台的火箭队残党，粉碎了他们企图复活的阴谋。集齐8枚徽章后，阿响来到了石英高原挑战宝可梦联盟。,位于,阿响,2,城都地区,9
在特别动画中，阿渡与竹兰和大吾联手合作，在帕希欧竞技场跟到来的黑连、小霞和可尔妮所组成队伍进行对战。,伙伴,小霞,34,可尔妮,37
在火箭队！乱抓，再见了！中，武藏和小次郎、喵喵遇到了宝可梦猎人阿隆和被他偷捕的阿柏蛇和瓦斯弹。阿柏怪看到受伤的同伴感到很伤心，于是武藏决定将阿柏蛇全部接收并善待它们。然而由于实力上的差距，他们被阿隆的沙基拉斯用沙暴打飞。后来阿柏怪通过地面的震动再次找到了阿隆，双弹瓦斯使用烟幕吸引了阿隆的注意力，喵喵则乘机将阿柏蛇和瓦斯弹从笼子里放了出来。这让阿隆十分恼火，他再次派出了他的沙基拉斯，沙基拉斯进化为班基拉斯并使出了让果然翁来不及用出双倍奉还的破坏光线。武藏和小次郎自知他们打不过班基拉斯，于是两人命令阿柏怪和双弹瓦斯保护阿柏蛇和瓦斯弹离开，而两人和喵喵则用身体挡下了班基拉斯的攻击。,敌对,阿隆,31,武藏,14
在传达吧波导！小智跟不可思议的蛋!!中，空木博士出现在樱木研究所的屏幕上，樱木博士小智和小豪介绍了空木博士关于宝可梦的蛋的研究成果。,伙伴,小智,41,小豪,44
小茜在满金道馆，力量与速度中首次登场，她在小智的皮卡丘和她的皮皮相撞后，跑到了皮卡丘身边，亲吻了皮卡丘的额头，让皮卡丘很是开心。 随后，她带着小智一行人穿过满金地道，来到了满金百货商场。 然而，他们却跌跌撞撞地走了很多不想去的地方。 最后，他们来到一家餐厅，吃了汉堡。之后，他们遇到了火箭队，火箭队抢走了她的皮皮，坐上了磁浮列车，但被他们成功拦住了，火箭队随即空手而去，空手而归。在得知小茜就是满金道馆馆主后，小智向她提出道馆挑战的请求，尽管今天是她的休息日，但她还是答应了挑战，并专门为他开放了道馆。在比赛中，小智成功用他的火球鼠打败了她派出的第一只宝可梦尼多丽娜。接着她派出皮皮，却因挥指使出了毫,拥有,小茜,193,皮皮,289
坂木是小银的父亲，曾经的常青道馆馆主，火箭队老大。他不止实力高深莫测，亦有将身平经验所著成书以传授后人的广阔胸怀，在他身上有着若隐若现的宗师风范。坂木非常残酷，在乔装试探小智时，他利用刺甲贝残忍地将鸭嘴火兽分尸。,亲戚,坂木,0,小银,3
历，清醒了过来，并与其他的宝可梦一起摧毁了三只乌贼王的阴谋。在本集的末尾，好啦鱿来到森林中，与其他的好啦鱿和乌贼王玩得十分开心。于是小次郎想把好啦鱿留在森林中，希望它得到幸福，但好啦鱿认为和小次郎和火箭队在一起才是最幸福的。,出没,好啦鱿,37,森林,42
在消失的宝可梦之谜，君莎告诉小智一行人金柑岛内的宝可梦行为变得异常，会攻击自己的主人。但自己的鬼斯没有任何变化，她怀疑是超能力属性宝可梦在作乱。在四人一起发现了在道路上的火箭队后，火箭队原不肯和君莎合作，但为了让自己的宝可梦恢复原状，他们告诉君莎这是亚马多和小三郎的阴谋。火箭队把君莎和小智等人混入装有精灵球的推车内进入电波发射塔来破坏他们的恶行，君莎派出了鬼斯抵挡对方的攻击，在催眠装置破坏之后，鬼斯又与催眠貘进行了战斗，但由于在对战中催眠貘和波克比一起使用了挥指引发了自爆，最终亚马多和小三郎被君莎抓捕归案。,敌对,君莎,97,火箭队,90
娜姿是金黄市的道馆馆主，曾是火箭队三干部之一。,位于,娜姿,0,金黄市,3
了柳伯用冰块的封印，现在又融化了。这时小茜来了兴致，想要跟水君一较高下，但小茜的皮宝宝和宝宝丁没有两下就败下阵来，不过小茜立刻又派出了大奶罐，小茜以为大奶罐打败了水君还在柳伯面前耀武扬威，但结果恰恰相反，大奶罐失去了战斗能力。这时，导播让小茜听从柳伯的指示作战，并告诉自大的小茜，柳伯可是被誉为“永久冰壁”的丰富训练家。小茜从柳伯那里得知他早就研究过之前和水君对战的几位道馆馆主的过程了，于是小茜就推着柳伯的轮椅配合着他的指示进行观战，接着小茜听从柳伯的指示派出大奶罐成功破解了水君的镜面反射，最后和柳伯的小山猪配合一举打败了水君，这时小茜抛出了精灵球想要收服水君，但水君的腹部裂了开来，小茜被眼前的,拥有,小茜,37,宝宝丁,44
在VS雷公和炎帝[上篇]中，阿速和盔甲鸟在桔梗市的郊外训练，遇到了偷猎了宝可梦指定保护区域的宝可梦的偷猎者，在对话过程中天降巨雷，雷声过后炎帝和雷公出现在阿速和偷猎者面前，偷猎者还想去抓炎帝和雷公，但阿速乘着盔甲鸟拉起偷猎者逃过炎帝的攻击向前飞去，阿速猜测炎帝和雷公与水君一样，到各处寻找道馆馆主挑战。炎帝和隐匿在雷雨云中的雷公追击阿速，上下将阿速包成了“三明治”。阿速想到了降低高度靠近炎帝，再趁上面的雷公和下面的炎帝使出招式时，让盔甲鸟使用高速移动躲开招式，这样上下招式相撞就会抵消，成功实施这个方法的阿速想要乘势捕捉炎帝和雷公，却不想水君突然出现用泡沫光线阻止了阿速抛出的两个精灵球。阿速此时不,出没,雷公,72,桔梗市,21
希巴挑战小智，并与其势均力敌，击败了小智的蚊香泳士同时令皮卡丘和暴鲤龙负伤。其后，希巴的同伴菊子和科拿现身，并自称他们为关都四天王和说出他们的目的是要把人类消灭，而只留下宝可梦和优秀的精英训练员，之后更邀请小智加入他们，但小智拒绝了而被科拿冰封了起来。 之后命令飞腿郎攻击正辉家里的宝可梦寄放系统（后期证实是被菊子操控了心智），并与小蓝的小龟对峙。 旗下的腕力军团被指派到深灰市偷取深灰道馆馆主小刚所持有的徽章。 在苏芳岛决战中在野生大岩蛇上迎战马志士和正辉（原本应是小智）的组合，并一度占尽上风。在小智现身后，进一步解放怪力的力量与小智对决，落败后转身离开，途中救了差点掉进毒潭的阿桔，之后退出了关,拥有,希巴,0,腕力,178
在鬼斯通对抗超能力中，小智带着鬼斯通再次挑战，却因鬼斯通不现身而陷入危机，小刚和小霞被变成玩偶。之后小智三度挑战时，鬼斯通出现并大闹一场，逗得娜姿乐不可支，无法继续指挥勇基拉战斗，同时也找回了人性。最后鬼斯通留在她身边，她的母亲也变了回来。,拥有,小智,11,鬼斯通,15
在再见了 毒粉蛾！中得知，武藏的初恋男友和武藏在毒粉蛾花田遇见的少年长得很相似。武藏的初恋男友想成为宝可梦协调训练家，而武藏则想参加选举成为明星，本来武藏的初恋男友有邀请武藏和他一起走，可是武藏坚持要参加选举，他祝福武藏后就离开了。结果武藏没有被选到，而初恋男友也已经离开了，这让武藏悲痛欲绝。,出没,毒粉蛾,5,毒粉蛾花田,24
一年后，在VS班基拉斯中奈奈美正在帮小智特训，但对他的四肢麻痹表示担心。然后在VS佛烈托斯和VS巨钳螳螂中，奈奈美和小黄一起观看常青道馆里考试会场的小智进行考试对战。后来奈奈美打听到在白银山可以治疗受伤宝可梦的神奇温泉的情报，小智得知后向白银山出发。,伙伴,奈奈美,12,小智,18
小刚是小智挑战的第一位道馆馆主，他十分的强大但不懂得变通，训练学生的方式也十分严厉导致很多学生都离开了深灰道馆，只剩下露营少年一人了。在深灰市中，小刚接受了小智的挑战，小智派出火属性的小火龙与小刚的大岩蛇对战，这让小刚感到吃惊，小刚表示他就算面对小孩子也不会防水的。最后，小智的小火龙发现了小刚大岩蛇的弱点，打败了小刚，小刚给予了小智灰色徽章。,拥有,小刚,145,大岩蛇,147
桔梗道馆是一座高高的螺旋状的建筑物，阿速在道馆屋顶上进行道馆赛，战斗中许多弟子会在周围为他声援。阿速对宝可梦训练抱持著自以为是的态度，这一点令小智愤怒。阿速也十分反感一些训练家所说的飞行属性宝可梦一定会输给电属性的言论，但有些虚伪的是，他认为小智在道馆赛中使用菊草叶是个错误的选择（草属性对飞行属性不利）。,拥有,小智,121,菊草叶,130
在VS大力鳄中，为了从小银的控制中脱身，拉姆达化妆成巴奥巴的样子。而这时巡视的员工正好赶来，伪装的巴奥巴假装跟小银很熟而成功脱了身，而真正的巴奥巴却被绑了起来。,敌对,拉姆达,20,小银,11
指示牌前，并且赛跑过程中允许使用宝可梦进行对战。小茜让图图犬暂时跟着她，骑着赞助商的奇迹自行车准备开始比赛，阿金则是选择用将奇迹自行车的车把和自己的滑板结合来参加比赛。比赛开始，小茜就先下手为强派出大奶罐攻击了阿金，让后扬长而去。,拥有,小茜,89,大奶罐,99
因为原有的房屋要改造成磁浮列车车站，所以模仿少女的家搬到了原先的房屋的南方。模仿少女的皮皮玩偶丢了，被枯叶市的宝可梦发烧友俱乐部会长捡到了。从会长处领回遗失物后，她便会赠送定期月票，这是磁浮列车车站占用她家原先位置的补偿。,拥有,模仿少女,38,皮皮玩偶,43
在大奶罐，复仇之战中，小智等人一整天都帮忙照顾牧场的大奶罐。在打败来牧场行窃的火箭队的桶状的机器人之后，小智灵光一闪想到了打败小茜的大奶罐的对策，于是再次向小茜提出对战请求，他先后使用小锯鳄和火球鼠降低大奶罐的速度，最终用皮卡丘成功击败了大奶罐。虽然这场对战是在道馆外进行的，但小茜依然承认了自己的败北，赠与小智标准徽章。,挑战,小智,52,小茜,78
在鬼斯通对抗超能力中，小智带着鬼斯通再次挑战，却因鬼斯通不现身而陷入危机，小刚和小霞被变成玩偶。之后小智三度挑战时，鬼斯通出现并大闹一场，逗得娜姿乐不可支，无法继续指挥勇基拉战斗，同时也找回了人性。最后鬼斯通留在她身边，她的母亲也变了回来。,挑战,小智,50,娜姿,71
在浅红市中，小智来到浅红市误以为长得很像呆呆兽的园长和正辉一样，是和宝可梦合体了，以为才知道，原来园长原来就长得是这般模样。员工还告诉小智，园长的金假牙掉了，这之后小智在狩猎地带里找到了金假牙还给了园长。原来是阿桔偷走了园长的假牙，园长告诉小智阿桔是个比谁都爱自然的人，因为园长把原先的忍者村改建成狩猎地带，所有原本的宝可梦没有了去处。这之后，巴奥巴表示会听取阿桔的意见，把原先的宝可梦也放进去，这种友谊让小智联想到了小茂。,伙伴,小茂,209,小智,203
阿响的经历与《金／银》大致相同。额外的，在烧焦塔他还会遇见研究凤王卫队的专家水京，此后还会多次遇到他。水君也不再四处游走，而获得透明铃铛后出现在铃铛塔。,出没,水君,51,铃铛塔,72
在GOTCHA!中，作为冠军的青绿等待赤红前来挑战。,挑战,赤红,19,青绿,15
阿桔（日文︰キョウ，英文︰Koga）是石英联盟的现任四天王之一，精通毒属性宝可梦。他曾经是浅红道馆的道馆馆主，掌管粉红徽章，现在把馆主交给了女儿阿杏。,亲戚,阿桔,0,阿杏,72
在攻下狙射树枭吧！中，他使用好坏星与格拉吉欧的鬃岩狼人，展开对战，但不敌格拉吉欧的鬃岩狼人，止步八强。,拥有,格拉吉欧,18,鬃岩狼人,23
在帕希欧竞技场赤红跟青绿和叶子组成队伍，与来挑战的小结、小光、满充和莉莉艾组成的队伍进行对战，并让他们的宝可梦进行超级进化。,伙伴,小结,25,小光,28
由于赤红去白银山修炼，石英高原的冠军之位托付给了阿渡。主角第一次遇到阿渡是在愤怒之湖，他观看了主角与红色暴鲤龙的战斗，之后他会帮助主角调查火箭队基地。与主角合力摧毁了火箭队的阴谋之后，阿渡会送出秘传学习器０６（潮旋）。,位于,赤红,2,白银山,5
阿渡的祖父是有名的驯龙师一族的长老，小椿是他的表妹。阿渡培育龙属性宝可梦，尽管龙属性宝可梦既难收服又难培育，但他认为只要培育得当，它们的力量将是天下无双的。他是龙之长老唯一认可的训练家。由于阿渡形象酷炫，为人热情正派，他拥有大群的崇拜者。阿渡似乎对斗篷情有独钟，有人看到他经常去玉虹百货公司购买相同款式的斗篷。,亲戚,小椿,18,阿渡,0
在消失的宝可梦之谜，君莎告诉小智一行人金柑岛内的宝可梦行为变得异常，会攻击自己的主人。但自己的鬼斯没有任何变化，她怀疑是超能力属性宝可梦在作乱。在四人一起发现了在道路上的火箭队后，火箭队原不肯和君莎合作，但为了让自己的宝可梦恢复原状，他们告诉君莎这是亚马多和小三郎的阴谋。火箭队把君莎和小智等人混入装有精灵球的推车内进入电波发射塔来破坏他们的恶行，君莎派出了鬼斯抵挡对方的攻击，在催眠装置破坏之后，鬼斯又与催眠貘进行了战斗，但由于在对战中催眠貘和波克比一起使用了挥指引发了自爆，最终亚马多和小三郎被君莎抓捕归案。,敌对,君莎,249,小三郎,245
赤红没有在正式游戏中登场，但在一个宣传影片中，赤红与叶子进行双打对战，使用吼鲸王和代欧奇希斯（攻击形态），但不敌。,拥有,赤红,23,代欧奇希斯,41
娜姿和马志士、阿桔一同出现在苏芳岛，并与夏伯、小茂、小蓝、小黄和正辉合作打倒四天王。由于对方有四个人，而且他们都不确定对方会否中途离开，所以娜姿就用胡地的超能力“命运的汤匙”把8人分成4组，每组负责打倒一个四天王。娜姿和小蓝被选为同组，对上了科拿，左手被科拿的冰手铐冻伤。,挑战,娜姿,107,科拿,121
在讨厌水属性宝可梦的乔伊！小霞的愤怒！中，出现了一位在治疗水属性宝可梦的宝可梦中心里工作的乔伊小姐，但她自己很讨厌水属性宝可梦。在飘飘球与北风的使者！中，出现了名叫沙耶香和小舞的两位乔伊的孩子，她们指出乔伊只是她们家族的“姓氏”。,亲戚,沙耶香,82,乔伊,45
出盔甲鸟，但盔甲鸟立刻就被蛛网缠住了。陷入困境的阿速大呼为了维护父亲的尊严他是不会认输的，因为提到了父亲这让阿杏分了神，看到了观众席上有类似父亲的身影。此时阿速抛出回力镖斩断了缠绕盔甲鸟的蛛丝，阿杏向阿速道歉，表示自己很想看看阿速的隐藏实力，但要下次再说了，说完就跳入观众席去扬长而去，放弃了比赛。阿速追了上去，阿杏对阿速表示她和阿速很像，觉得这是命运的安排。阿速则对阿杏表示如法看到可疑人物可以和他讲，因为他也是一名警察。,拥有,阿速,78,盔甲鸟,90
指示牌前，并且赛跑过程中允许使用宝可梦进行对战。小茜让图图犬暂时跟着她，骑着赞助商的奇迹自行车准备开始比赛，阿金则是选择用将奇迹自行车的车把和自己的滑板结合来参加比赛。比赛开始，小茜就先下手为强派出大奶罐攻击了阿金，让后扬长而去。,拥有,小茜,24,图图犬,27
在幻影的霸者 索罗亚克片头，阿响与小智进行对战。,挑战,阿响,14,小智,17
在浅红道馆的忍者决斗中，小智一行人几经周折通过了道馆的陷阱才见到了道馆馆主阿桔。小智向阿桔发起挑战。小智派出的第一只宝可梦，比比鸟被阿桔的刚刚进化的摩鲁蛾击败了。之后小智让小火龙出战，但比赛被火箭队中断。火箭队捕获了道馆中所有的霹雳电球，并企图对道馆中所有的毒属性宝可梦下手。在火箭队被小霞的可达鸭打飞后，阿桔和小智的比赛重新开始。阿桔的大嘴蝠输给了小火龙之后，阿桔授予了小智粉红徽章。,拥有,小霞,143,可达鸭,146
在VS闪电鸟中，作为火箭队三干部之一的娜姿迎战的是小蓝，她透过超能力制造出了小蓝内心最恐惧的一幕，她还让勇基拉使出幻象术让小蓝的精灵球都从身上掉下，沾沾自喜的娜姿让勇基拉直接解决掉水箭龟，勇基拉对着水箭龟就是一汤匙，接着又用定身法封住了水箭龟而后直接击碎了水箭龟的龟壳。眼前这一幕让娜姿觉得自已经胜券在握，谁料想小蓝从脚边踹了一个精灵球到娜姿背后，从精灵球里出来的才是真正的水箭龟，之前那只是百变怪变身的。小蓝命令水箭龟对勇基拉使出了百万吨重拳，而后又趁着娜姿忙于应付水箭龟时让墨海马使出烟幕让娜姿失去视野，自己则是带上了西尔佛检视镜，将慌乱的娜姿和勇基拉尽收眼底。小蓝还嘲讽娜姿，称她的皮肤很差是因,敌对,勇基拉,94,水箭龟,99
赤红跟青绿在帕希欧竞技场观众席观看小结、艾莉丝和阿驯的队伍对战风露、大叶和阿塞萝拉的队伍。,伙伴,阿驯,24,小结,17
在浅红道馆的忍者决斗中，小智一行人几经周折通过了道馆的陷阱才见到了道馆馆主阿桔。小智向阿桔发起挑战。小智派出的第一只宝可梦，比比鸟被阿桔的刚刚进化的摩鲁蛾击败了。之后小智让小火龙出战，但比赛被火箭队中断。火箭队捕获了道馆中所有的霹雳电球，并企图对道馆中所有的毒属性宝可梦下手。在火箭队被小霞的可达鸭打飞后，阿桔和小智的比赛重新开始。阿桔的大嘴蝠输给了小火龙之后，阿桔授予了小智粉红徽章。,拥有,阿桔,166,大嘴蝠,169
在传达吧波导！小智跟不可思议的蛋!!中，空木博士出现在樱木研究所的屏幕上，樱木博士小智和小豪介绍了空木博士关于宝可梦的蛋的研究成果。,伙伴,小智,41,樱木博士,37
在VS腕力中，小刚联络上了夏伯，告诉他和小黄自己在月见山后发现了破碎的小智冰雕，这就是小智曾经在这里的证据。并且小刚听说过小智和小茂在西尔佛公司也曾被冰冻过，不过目前看来小智应该是已经顺利逃脱了。这是，小霞联络夏伯告诉他深灰市遭到格斗属性的宝可梦进攻了，并且自己所在的华蓝市和莉佳所在的玉虹市也都遭到了幽灵属性和冰属性的宝可梦攻击，此时联络的信号已经断了，小刚听到消息立刻和小拳石一起赶回深灰市。在VS墨海马中，小刚继续在对抗入侵城市的宝可梦们。,位于,莉佳,138,玉虹市,143
在VS闪电鸟中，作为火箭队三干部之一的娜姿迎战的是小蓝，她透过超能力制造出了小蓝内心最恐惧的一幕，她还让勇基拉使出幻象术让小蓝的精灵球都从身上掉下，沾沾自喜的娜姿让勇基拉直接解决掉水箭龟，勇基拉对着水箭龟就是一汤匙，接着又用定身法封住了水箭龟而后直接击碎了水箭龟的龟壳。眼前这一幕让娜姿觉得自已经胜券在握，谁料想小蓝从脚边踹了一个精灵球到娜姿背后，从精灵球里出来的才是真正的水箭龟，之前那只是百变怪变身的。小蓝命令水箭龟对勇基拉使出了百万吨重拳，而后又趁着娜姿忙于应付水箭龟时让墨海马使出烟幕让娜姿失去视野，自己则是带上了西尔佛检视镜，将慌乱的娜姿和勇基拉尽收眼底。小蓝还嘲讽娜姿，称她的皮肤很差是因,敌对,水箭龟,207,勇基拉,211
在愤怒之湖中，阿渡前往城都地区调查红色暴鲤龙，和阿响合作潜入火箭队基地。,伙伴,阿渡,7,阿响,24
夏伯在燃烧吧!!红莲道馆出现，他是一位喜欢猜谜语的老人。初次见到小智一行人的时候，戴着假发，介绍了红莲道馆变成废墟的原因。当小智一行人无住宿地点的时候，夏伯好心地给他们提供住宿地点。在小霞无意间打开道馆机关后，小智和夏伯进行了道馆战，不过为了保护皮卡丘因此初次战胜小智，第二次对战他被小智击败。不过道馆中对决的时候，他并没有戴假发。,挑战,小智,105,夏伯,108
与其他地区不同，阿罗拉地区一座岛屿就只有一名君莎小姐，她们的伙伴宝可梦也并不相同。 美乐美乐岛的君莎小姐在霸主宝可梦是猫鼬探长！中首次登场，她正在因为阿罗拉的样子的拉达和小拉达破坏田地而烦恼。它们在逃跑时冲到了路上撞翻了一辆装载木头的车，引发了交通堵塞。最终在哈拉和铁掌力士的帮助下才堆好了木头，疏通了交通。当小智完成霸主宝可梦猫鼬探长的考验后，她带着猫鼬探长和猫鼬少来到一个拉达和小拉达泛滥的仓库，赶跑了它们。在结尾，君莎与猫鼬探长成为了同伴。,来自,君莎小姐,48,美乐美乐岛,42
阿速想要尽可能地接近飞行宝可梦，因此经常用滑翔机飞来飞去。在桔梗道馆，空中大战中，小智的皮卡丘被火箭队抢走时，阿速用大比鸟救回了它。他的咕咕经常会停在他的肩部。,拥有,阿速,55,大比鸟,58
奈奈美、小智、小蓝一起去找正辉，却发现正辉受了伤。原来赤焰松和水梧桐早先来过，抢走了红宝石和蓝宝石自我修复成的朱红色宝珠和靛蓝色宝珠。,伙伴,小蓝,7,正辉,13
获得灰色徽章后，走出深灰道馆时青绿会主动在道馆门口与主角搭话，告诉主角一些挑战道馆的心得，送出超级球×5。之后他会出现在圣特安努号上，送出娑罗沙布蕾并警告主角和小进小心火箭队。在西尔佛公司一楼接待员拒绝接待主角时出现帮助主角，他说要去石英高原请四天王来对付火箭队，不过要先和主角对战以测试主角的实力。,敌对,青绿,15,火箭队,128
赤红的经历与《红／绿／蓝》大致相同。额外的，获得深红徽章后，正辉还会委托赤红前往第１岛帮忙。在帮忙的途中，赤红在果实森林救下了小迷，这样才能把陨石交给她父亲来完成锦辉的委托。登入名人堂后，赤红会前往七之岛剩下的4座岛展开新的冒险。当土崩瓦解的火箭队余党在第５岛再次被赤红打败后，他们就离开了关都。,伙伴,赤红,53,小迷,63
科拿和希巴是配对&得点模式中第三战的对手。,伙伴,科拿,0,希巴,3
在火箭队！乱抓，再见了！中，武藏和小次郎、喵喵遇到了宝可梦猎人阿隆和被他偷捕的阿柏蛇和瓦斯弹。阿柏怪看到受伤的同伴感到很伤心，于是武藏决定将阿柏蛇全部接收并善待它们。然而由于实力上的差距，他们被阿隆的沙基拉斯用沙暴打飞。后来阿柏怪通过地面的震动再次找到了阿隆，双弹瓦斯使用烟幕吸引了阿隆的注意力，喵喵则乘机将阿柏蛇和瓦斯弹从笼子里放了出来。这让阿隆十分恼火，他再次派出了他的沙基拉斯，沙基拉斯进化为班基拉斯并使出了让果然翁来不及用出双倍奉还的破坏光线。武藏和小次郎自知他们打不过班基拉斯，于是两人命令阿柏怪和双弹瓦斯保护阿柏蛇和瓦斯弹离开，而两人和喵喵则用身体挡下了班基拉斯的攻击。,敌对,瓦斯弹,43,沙基拉斯,187
有几位乔伊小姐样貌与其他的十分不同。宝可梦道馆的决斗中，一位乔伊小姐担任宝可梦监察官的职务，被派来检测道馆馆主的实力。另一位居住在橘子群岛的乔伊小姐则将自己的职业变为考古学家，并在化石盔的化石秘密中带领了一次富拉四号岛上的探险。在航海的乔伊，破浪前进吧中，出现了一位同样居住在橘子群岛的肌肉发达、乘坐皮划艇的乔伊小姐和她的巨大鲤鱼王。其他居住在岛上的乔伊小姐与她们在大陆上的同事们相比，有着更加暗色的皮肤，由于她们居住在更偏热带的地区。,来自,乔伊,70,橘子群岛,138
武藏在跟着小智一行人到丰缘时得知那里有华丽大赛，从那时候她开始成为宝可梦协调训练家，并获得了丰缘华丽大赛参赛证。在丰缘地区的华丽大赛中，武藏有些时候会作弊，只要输掉比赛，她就会脱掉伪装并大闹华丽大赛会场。她以武藏碧安（日文︰ムサぴょん，英文︰Jessebella）的身份来参加华丽大赛，而在小遥对抗武藏！最后的华丽大赛!!小次郎和喵喵与小智一行人对话中这个伪装已经被小智一行人识破了。在哈利与火箭队！反派角色同盟成立!?中武藏和哈利合作准备打败小遥，但是最终因为武藏和哈利借给她的宝可梦配合不佳落败。在火箭队解散!?各自的道路！，火箭队三人组因为抓不到皮卡丘而发生分歧，打算分道扬镳，这时武藏遇到了对,伙伴,哈利,214,武藏,211
希巴和科拿是配对&得点模式中第三战的对手。,伙伴,希巴,0,科拿,3
夏伯在坂木与赤红进行了道馆战，被击败后送出了深红徽章。,挑战,赤红,6,夏伯,0
大木雪成博士（日文︰オーキド・ユキナリ博士，英文︰Professor Samuel Oak）是关都地区的宝可梦博士。,位于,大木雪成博士,0,关都,47
娜姿和阿桔是宝可梦趴地牌模式中第三战的对手。,伙伴,娜姿,0,阿桔,3
在消失的宝可梦之谜，君莎告诉小智一行人金柑岛内的宝可梦行为变得异常，会攻击自己的主人。但自己的鬼斯没有任何变化，她怀疑是超能力属性宝可梦在作乱。在四人一起发现了在道路上的火箭队后，火箭队原不肯和君莎合作，但为了让自己的宝可梦恢复原状，他们告诉君莎这是亚马多和小三郎的阴谋。火箭队把君莎和小智等人混入装有精灵球的推车内进入电波发射塔来破坏他们的恶行，君莎派出了鬼斯抵挡对方的攻击，在催眠装置破坏之后，鬼斯又与催眠貘进行了战斗，但由于在对战中催眠貘和波克比一起使用了挥指引发了自爆，最终亚马多和小三郎被君莎抓捕归案。,伙伴,小智,143,君莎,140
在VS树才怪中，小茜一开始领先阿金，但是却和实况转播车一起被奇怪的树给堵住了去路，生气的小茜责问实况直播车上的人在搞什么鬼，明明自己好不容易才领先的。这时阿金也追了上来，小茜连忙派出大奶罐对奇怪的树使出滚动，但树纹丝不动。阿金也派出宝可梦想要移开树，但也没成功，这时一只巨大的钻角犀兽出现了，似乎在找什么东西，小茜想要先打败钻角犀兽，但不想在对战时反被钻角犀兽抓走了。而这时，阿金发现了树的真身是树才怪，因为被钻角犀兽追才变成了奇怪的树，将它收服后，阿金和广播台的工作人员一起去营救小茜，阿金的树才怪打败了钻角犀兽，小茜得救了但是比赛也终止了。不过，扭到手的小茜看着阿金一副小人得志的样子气就不打一处,拥有,小茜,85,大奶罐,91
充满危险！小次郎的藏宝箱!!中，因为猛火猴挖到了小次郎小时候埋下的宝箱，那里面藏有他小时候写给鲁美嘉的情书，小次郎害怕鲁美嘉拿这个要挟他结婚，所以他想尽办法想夺回宝箱，后来他的管家又叫来了鲁美嘉，走投无路的情况下小次郎要求小智让皮卡丘用十万伏特将他和武藏、喵喵打飞，小智同意了，但是在他们被打飞时，鲁美嘉却冲了过去，和小次郎还有喵喵一起飞上天空，把他吓得魂飞魄散。,敌对,喵喵,128,皮卡丘,114
在VS腕力中，小刚联络上了夏伯，告诉他和小黄自己在月见山后发现了破碎的小智冰雕，这就是小智曾经在这里的证据。并且小刚听说过小智和小茂在西尔佛公司也曾被冰冻过，不过目前看来小智应该是已经顺利逃脱了。这是，小霞联络夏伯告诉他深灰市遭到格斗属性的宝可梦进攻了，并且自己所在的华蓝市和莉佳所在的玉虹市也都遭到了幽灵属性和冰属性的宝可梦攻击，此时联络的信号已经断了，小刚听到消息立刻和小拳石一起赶回深灰市。在VS墨海马中，小刚继续在对抗入侵城市的宝可梦们。,位于,小霞,101,华蓝市,134
当空木博士拜托他去住在吉花市北边的宝可梦爷爷那里跑一趟时，阿响的旅程开始了。考虑到他可能会在路上遇到危险的野生宝可梦，空木博士还送给了他一只最初的伙伴来防身。临走时，阿响看到一个和他同岁的奇怪男孩正在空木博士研究所外偷窥。当他想要跟他说话时，男孩粗鲁地推开了他。在宝可梦爷爷的家里他还遇到了大木博士。大木博士看出阿响与宝可梦之间的牵绊，交给了他宝可梦图鉴。在回家的路上，阿响遇到了偷走空木博士的宝可梦的小银。在战斗中击败他后，阿响得知了他的名字并告诉若叶镇的警察。空木博士鼓励他去挑战石英高原。,伙伴,阿响,156,大木博士,150
阿响的经历与《水晶版》大致相同。额外的，集齐8枚徽章后，在缘朱市缘朱舞场能得到和服女孩们的认可，她们会前往铃铛塔协助阿响召唤凤王HG/前往漩涡岛协助阿响召唤洛奇亚SS。而登入名人堂后，凤王卫队中的水君在四处逃窜后最终待在了２５号道路的海角。水京会在此见证主角和水君的对决。,拥有,阿响,58,洛奇亚SS,78
